"period","region_final_dep","region_final_arr","Num_month","Num","Num_per_month","move_dir"
"Pandemic (2020/2021)","Africa","Europe",12,4827624,402302,"Africa_Europe"
"Pandemic (2020/2021)","Africa","Japan/Korea",12,40279,3356.6,"Africa_JapanKorea"
"Pandemic (2020/2021)","Africa","North America",12,541841,45153.4,"Africa_NorthAmerica"
"Pandemic (2020/2021)","Africa","North China",12,12584,1048.7,"Africa_NorthChina"
"Pandemic (2020/2021)","Africa","Oceania",12,13873,1156.1,"Africa_Oceania"
"Pandemic (2020/2021)","Africa","Russia",12,76075,6339.6,"Africa_Russia"
"Pandemic (2020/2021)","Africa","South America",12,49543,4128.6,"Africa_SouthAmerica"
"Pandemic (2020/2021)","Africa","South China",12,87457,7288.1,"Africa_SouthChina"
"Pandemic (2020/2021)","Africa","South-eastern Asia",12,124448,10370.7,"Africa_SoutheasternAsia"
"Pandemic (2020/2021)","Africa","Southern Asia",12,226755,18896.2,"Africa_SouthernAsia"
"Pandemic (2020/2021)","Africa","Western Asia",12,3262268,271855.7,"Africa_WesternAsia"
"Pandemic (2020/2021)","Europe","Africa",12,4771199,397599.9,"Europe_Africa"
"Pandemic (2020/2021)","Europe","Japan/Korea",12,463896,38658,"Europe_JapanKorea"
"Pandemic (2020/2021)","Europe","North America",12,3047094,253924.5,"Europe_NorthAmerica"
"Pandemic (2020/2021)","Europe","North China",12,96186,8015.5,"Europe_NorthChina"
"Pandemic (2020/2021)","Europe","Oceania",12,144777,12064.8,"Europe_Oceania"
"Pandemic (2020/2021)","Europe","Russia",12,2203869,183655.8,"Europe_Russia"
"Pandemic (2020/2021)","Europe","South America",12,963801,80316.8,"Europe_SouthAmerica"
"Pandemic (2020/2021)","Europe","South China",12,441464,36788.7,"Europe_SouthChina"
"Pandemic (2020/2021)","Europe","South-eastern Asia",12,682822,56901.8,"Europe_SoutheasternAsia"
"Pandemic (2020/2021)","Europe","Southern Asia",12,1495557,124629.8,"Europe_SouthernAsia"
"Pandemic (2020/2021)","Europe","Western Asia",12,7334780,611231.7,"Europe_WesternAsia"
"Pandemic (2020/2021)","Japan/Korea","Africa",12,37062,3088.5,"JapanKorea_Africa"
"Pandemic (2020/2021)","Japan/Korea","Europe",12,491577,40964.8,"JapanKorea_Europe"
"Pandemic (2020/2021)","Japan/Korea","North America",12,840930,70077.5,"JapanKorea_NorthAmerica"
"Pandemic (2020/2021)","Japan/Korea","North China",12,428037,35669.8,"JapanKorea_NorthChina"
"Pandemic (2020/2021)","Japan/Korea","Oceania",12,68262,5688.5,"JapanKorea_Oceania"
"Pandemic (2020/2021)","Japan/Korea","Russia",12,53753,4479.4,"JapanKorea_Russia"
"Pandemic (2020/2021)","Japan/Korea","South America",12,34132,2844.3,"JapanKorea_SouthAmerica"
"Pandemic (2020/2021)","Japan/Korea","South China",12,1263674,105306.2,"JapanKorea_SouthChina"
"Pandemic (2020/2021)","Japan/Korea","South-eastern Asia",12,1660665,138388.8,"JapanKorea_SoutheasternAsia"
"Pandemic (2020/2021)","Japan/Korea","Southern Asia",12,90930,7577.5,"JapanKorea_SouthernAsia"
"Pandemic (2020/2021)","Japan/Korea","Western Asia",12,147120,12260,"JapanKorea_WesternAsia"
"Pandemic (2020/2021)","North America","Africa",12,559563,46630.2,"NorthAmerica_Africa"
"Pandemic (2020/2021)","North America","Europe",12,2971708,247642.3,"NorthAmerica_Europe"
"Pandemic (2020/2021)","North America","Japan/Korea",12,899026,74918.8,"NorthAmerica_JapanKorea"
"Pandemic (2020/2021)","North America","North China",12,60906,5075.5,"NorthAmerica_NorthChina"
"Pandemic (2020/2021)","North America","Oceania",12,123732,10311,"NorthAmerica_Oceania"
"Pandemic (2020/2021)","North America","Russia",12,66802,5566.8,"NorthAmerica_Russia"
"Pandemic (2020/2021)","North America","South America",12,1431924,119327,"NorthAmerica_SouthAmerica"
"Pandemic (2020/2021)","North America","South China",12,467738,38978.2,"NorthAmerica_SouthChina"
"Pandemic (2020/2021)","North America","South-eastern Asia",12,326889,27240.8,"NorthAmerica_SoutheasternAsia"
"Pandemic (2020/2021)","North America","Southern Asia",12,760566,63380.5,"NorthAmerica_SouthernAsia"
"Pandemic (2020/2021)","North America","Western Asia",12,742627,61885.6,"NorthAmerica_WesternAsia"
"Pandemic (2020/2021)","North China","Africa",12,20769,1730.8,"NorthChina_Africa"
"Pandemic (2020/2021)","North China","Europe",12,123178,10264.8,"NorthChina_Europe"
"Pandemic (2020/2021)","North China","Japan/Korea",12,461358,38446.5,"NorthChina_JapanKorea"
"Pandemic (2020/2021)","North China","North America",12,73961,6163.4,"NorthChina_NorthAmerica"
"Pandemic (2020/2021)","North China","Oceania",12,30780,2565,"NorthChina_Oceania"
"Pandemic (2020/2021)","North China","Russia",12,10204,850.3,"NorthChina_Russia"
"Pandemic (2020/2021)","North China","South America",12,1413,117.8,"NorthChina_SouthAmerica"
"Pandemic (2020/2021)","North China","South China",12,84894375,7074531.2,"NorthChina_SouthChina"
"Pandemic (2020/2021)","North China","South-eastern Asia",12,237493,19791.1,"NorthChina_SoutheasternAsia"
"Pandemic (2020/2021)","North China","Southern Asia",12,45095,3757.9,"NorthChina_SouthernAsia"
"Pandemic (2020/2021)","North China","Western Asia",12,40687,3390.6,"NorthChina_WesternAsia"
"Pandemic (2020/2021)","Oceania","Africa",12,13409,1117.4,"Oceania_Africa"
"Pandemic (2020/2021)","Oceania","Europe",12,198040,16503.3,"Oceania_Europe"
"Pandemic (2020/2021)","Oceania","Japan/Korea",12,81759,6813.2,"Oceania_JapanKorea"
"Pandemic (2020/2021)","Oceania","North America",12,122170,10180.8,"Oceania_NorthAmerica"
"Pandemic (2020/2021)","Oceania","North China",12,23337,1944.8,"Oceania_NorthChina"
"Pandemic (2020/2021)","Oceania","Russia",12,1113,92.8,"Oceania_Russia"
"Pandemic (2020/2021)","Oceania","South America",12,7318,609.8,"Oceania_SouthAmerica"
"Pandemic (2020/2021)","Oceania","South China",12,187039,15586.6,"Oceania_SouthChina"
"Pandemic (2020/2021)","Oceania","South-eastern Asia",12,215100,17925,"Oceania_SoutheasternAsia"
"Pandemic (2020/2021)","Oceania","Southern Asia",12,66677,5556.4,"Oceania_SouthernAsia"
"Pandemic (2020/2021)","Oceania","Western Asia",12,91115,7592.9,"Oceania_WesternAsia"
"Pandemic (2020/2021)","Russia","Africa",12,88189,7349.1,"Russia_Africa"
"Pandemic (2020/2021)","Russia","Europe",12,2235101,186258.4,"Russia_Europe"
"Pandemic (2020/2021)","Russia","Japan/Korea",12,67442,5620.2,"Russia_JapanKorea"
"Pandemic (2020/2021)","Russia","North America",12,67553,5629.4,"Russia_NorthAmerica"
"Pandemic (2020/2021)","Russia","North China",12,9477,789.8,"Russia_NorthChina"
"Pandemic (2020/2021)","Russia","Oceania",12,1218,101.5,"Russia_Oceania"
"Pandemic (2020/2021)","Russia","South America",12,6388,532.3,"Russia_SouthAmerica"
"Pandemic (2020/2021)","Russia","South China",12,20464,1705.3,"Russia_SouthChina"
"Pandemic (2020/2021)","Russia","South-eastern Asia",12,41498,3458.2,"Russia_SoutheasternAsia"
"Pandemic (2020/2021)","Russia","Southern Asia",12,108718,9059.8,"Russia_SouthernAsia"
"Pandemic (2020/2021)","Russia","Western Asia",12,1098071,91505.9,"Russia_WesternAsia"
"Pandemic (2020/2021)","South America","Africa",12,42648,3554,"SouthAmerica_Africa"
"Pandemic (2020/2021)","South America","Europe",12,950794,79232.8,"SouthAmerica_Europe"
"Pandemic (2020/2021)","South America","Japan/Korea",12,31738,2644.8,"SouthAmerica_JapanKorea"
"Pandemic (2020/2021)","South America","North America",12,1486175,123847.9,"SouthAmerica_NorthAmerica"
"Pandemic (2020/2021)","South America","North China",12,1022,85.2,"SouthAmerica_NorthChina"
"Pandemic (2020/2021)","South America","Oceania",12,4746,395.5,"SouthAmerica_Oceania"
"Pandemic (2020/2021)","South America","Russia",12,3473,289.4,"SouthAmerica_Russia"
"Pandemic (2020/2021)","South America","South China",12,10749,895.8,"SouthAmerica_SouthChina"
"Pandemic (2020/2021)","South America","South-eastern Asia",12,22319,1859.9,"SouthAmerica_SoutheasternAsia"
"Pandemic (2020/2021)","South America","Southern Asia",12,13990,1165.8,"SouthAmerica_SouthernAsia"
"Pandemic (2020/2021)","South America","Western Asia",12,64123,5343.6,"SouthAmerica_WesternAsia"
"Pandemic (2020/2021)","South China","Africa",12,87906,7325.5,"SouthChina_Africa"
"Pandemic (2020/2021)","South China","Europe",12,457216,38101.3,"SouthChina_Europe"
"Pandemic (2020/2021)","South China","Japan/Korea",12,1253330,104444.2,"SouthChina_JapanKorea"
"Pandemic (2020/2021)","South China","North America",12,477797,39816.4,"SouthChina_NorthAmerica"
"Pandemic (2020/2021)","South China","North China",12,84311912,7025992.7,"SouthChina_NorthChina"
"Pandemic (2020/2021)","South China","Oceania",12,160532,13377.7,"SouthChina_Oceania"
"Pandemic (2020/2021)","South China","Russia",12,20009,1667.4,"SouthChina_Russia"
"Pandemic (2020/2021)","South China","South America",12,11226,935.5,"SouthChina_SouthAmerica"
"Pandemic (2020/2021)","South China","South-eastern Asia",12,1406236,117186.3,"SouthChina_SoutheasternAsia"
"Pandemic (2020/2021)","South China","Southern Asia",12,206385,17198.8,"SouthChina_SouthernAsia"
"Pandemic (2020/2021)","South China","Western Asia",12,149183,12431.9,"SouthChina_WesternAsia"
"Pandemic (2020/2021)","South-eastern Asia","Africa",12,120936,10078,"SoutheasternAsia_Africa"
"Pandemic (2020/2021)","South-eastern Asia","Europe",12,764326,63693.8,"SoutheasternAsia_Europe"
"Pandemic (2020/2021)","South-eastern Asia","Japan/Korea",12,2025037,168753.1,"SoutheasternAsia_JapanKorea"
"Pandemic (2020/2021)","South-eastern Asia","North America",12,457903,38158.6,"SoutheasternAsia_NorthAmerica"
"Pandemic (2020/2021)","South-eastern Asia","North China",12,223270,18605.8,"SoutheasternAsia_NorthChina"
"Pandemic (2020/2021)","South-eastern Asia","Oceania",12,252412,21034.3,"SoutheasternAsia_Oceania"
"Pandemic (2020/2021)","South-eastern Asia","Russia",12,50815,4234.6,"SoutheasternAsia_Russia"
"Pandemic (2020/2021)","South-eastern Asia","South America",12,24138,2011.5,"SoutheasternAsia_SouthAmerica"
"Pandemic (2020/2021)","South-eastern Asia","South China",12,1487382,123948.5,"SoutheasternAsia_SouthChina"
"Pandemic (2020/2021)","South-eastern Asia","Southern Asia",12,481602,40133.5,"SoutheasternAsia_SouthernAsia"
"Pandemic (2020/2021)","South-eastern Asia","Western Asia",12,980291,81690.9,"SoutheasternAsia_WesternAsia"
"Pandemic (2020/2021)","Southern Asia","Africa",12,260038,21669.8,"SouthernAsia_Africa"
"Pandemic (2020/2021)","Southern Asia","Europe",12,1687664,140638.7,"SouthernAsia_Europe"
"Pandemic (2020/2021)","Southern Asia","Japan/Korea",12,110353,9196.1,"SouthernAsia_JapanKorea"
"Pandemic (2020/2021)","Southern Asia","North America",12,851882,70990.2,"SouthernAsia_NorthAmerica"
"Pandemic (2020/2021)","Southern Asia","North China",12,34373,2864.4,"SouthernAsia_NorthChina"
"Pandemic (2020/2021)","Southern Asia","Oceania",12,64802,5400.2,"SouthernAsia_Oceania"
"Pandemic (2020/2021)","Southern Asia","Russia",12,114356,9529.7,"SouthernAsia_Russia"
"Pandemic (2020/2021)","Southern Asia","South America",12,16862,1405.2,"SouthernAsia_SouthAmerica"
"Pandemic (2020/2021)","Southern Asia","South China",12,201665,16805.4,"SouthernAsia_SouthChina"
"Pandemic (2020/2021)","Southern Asia","South-eastern Asia",12,479334,39944.5,"SouthernAsia_SoutheasternAsia"
"Pandemic (2020/2021)","Southern Asia","Western Asia",12,6067864,505655.3,"SouthernAsia_WesternAsia"
"Pandemic (2020/2021)","Western Asia","Africa",12,3508576,292381.3,"WesternAsia_Africa"
"Pandemic (2020/2021)","Western Asia","Europe",12,7404445,617037.1,"WesternAsia_Europe"
"Pandemic (2020/2021)","Western Asia","Japan/Korea",12,165002,13750.2,"WesternAsia_JapanKorea"
"Pandemic (2020/2021)","Western Asia","North America",12,788587,65715.6,"WesternAsia_NorthAmerica"
"Pandemic (2020/2021)","Western Asia","North China",12,37110,3092.5,"WesternAsia_NorthChina"
"Pandemic (2020/2021)","Western Asia","Oceania",12,137589,11465.8,"WesternAsia_Oceania"
"Pandemic (2020/2021)","Western Asia","Russia",12,1087630,90635.8,"WesternAsia_Russia"
"Pandemic (2020/2021)","Western Asia","South America",12,75741,6311.8,"WesternAsia_SouthAmerica"
"Pandemic (2020/2021)","Western Asia","South China",12,203130,16927.5,"WesternAsia_SouthChina"
"Pandemic (2020/2021)","Western Asia","South-eastern Asia",12,1084324,90360.3,"WesternAsia_SoutheasternAsia"
"Pandemic (2020/2021)","Western Asia","Southern Asia",12,6403707,533642.2,"WesternAsia_SouthernAsia"
"Pandemic (2021/2022)","Africa","Europe",12,12361527,1030127.2,"Africa_Europe"
"Pandemic (2021/2022)","Africa","Japan/Korea",12,84540,7045,"Africa_JapanKorea"
"Pandemic (2021/2022)","Africa","North America",12,1843359,153613.2,"Africa_NorthAmerica"
"Pandemic (2021/2022)","Africa","North China",12,9743,811.9,"Africa_NorthChina"
"Pandemic (2021/2022)","Africa","Oceania",12,50191,4182.6,"Africa_Oceania"
"Pandemic (2021/2022)","Africa","Russia",12,633276,52773,"Africa_Russia"
"Pandemic (2021/2022)","Africa","South America",12,89899,7491.6,"Africa_SouthAmerica"
"Pandemic (2021/2022)","Africa","South China",12,100747,8395.6,"Africa_SouthChina"
"Pandemic (2021/2022)","Africa","South-eastern Asia",12,209866,17488.8,"Africa_SoutheasternAsia"
"Pandemic (2021/2022)","Africa","Southern Asia",12,549203,45766.9,"Africa_SouthernAsia"
"Pandemic (2021/2022)","Africa","Western Asia",12,7645876,637156.3,"Africa_WesternAsia"
"Pandemic (2021/2022)","Europe","Africa",12,12228418,1019034.8,"Europe_Africa"
"Pandemic (2021/2022)","Europe","Japan/Korea",12,746812,62234.3,"Europe_JapanKorea"
"Pandemic (2021/2022)","Europe","North America",12,11632045,969337.1,"Europe_NorthAmerica"
"Pandemic (2021/2022)","Europe","North China",12,103409,8617.4,"Europe_NorthChina"
"Pandemic (2021/2022)","Europe","Oceania",12,335536,27961.3,"Europe_Oceania"
"Pandemic (2021/2022)","Europe","Russia",12,5246538,437211.5,"Europe_Russia"
"Pandemic (2021/2022)","Europe","South America",12,3123207,260267.2,"Europe_SouthAmerica"
"Pandemic (2021/2022)","Europe","South China",12,486230,40519.2,"Europe_SouthChina"
"Pandemic (2021/2022)","Europe","South-eastern Asia",12,1451213,120934.4,"Europe_SoutheasternAsia"
"Pandemic (2021/2022)","Europe","Southern Asia",12,3460277,288356.4,"Europe_SouthernAsia"
"Pandemic (2021/2022)","Europe","Western Asia",12,20126620,1677218.3,"Europe_WesternAsia"
"Pandemic (2021/2022)","Japan/Korea","Africa",12,79431,6619.2,"JapanKorea_Africa"
"Pandemic (2021/2022)","Japan/Korea","Europe",12,840902,70075.2,"JapanKorea_Europe"
"Pandemic (2021/2022)","Japan/Korea","North America",12,1515561,126296.8,"JapanKorea_NorthAmerica"
"Pandemic (2021/2022)","Japan/Korea","North China",12,194556,16213,"JapanKorea_NorthChina"
"Pandemic (2021/2022)","Japan/Korea","Oceania",12,101902,8491.8,"JapanKorea_Oceania"
"Pandemic (2021/2022)","Japan/Korea","Russia",12,75174,6264.5,"JapanKorea_Russia"
"Pandemic (2021/2022)","Japan/Korea","South America",12,61197,5099.8,"JapanKorea_SouthAmerica"
"Pandemic (2021/2022)","Japan/Korea","South China",12,661217,55101.4,"JapanKorea_SouthChina"
"Pandemic (2021/2022)","Japan/Korea","South-eastern Asia",12,1379307,114942.2,"JapanKorea_SoutheasternAsia"
"Pandemic (2021/2022)","Japan/Korea","Southern Asia",12,209558,17463.2,"JapanKorea_SouthernAsia"
"Pandemic (2021/2022)","Japan/Korea","Western Asia",12,215922,17993.5,"JapanKorea_WesternAsia"
"Pandemic (2021/2022)","North America","Africa",12,1671662,139305.2,"NorthAmerica_Africa"
"Pandemic (2021/2022)","North America","Europe",12,11355306,946275.5,"NorthAmerica_Europe"
"Pandemic (2021/2022)","North America","Japan/Korea",12,1526592,127216,"NorthAmerica_JapanKorea"
"Pandemic (2021/2022)","North America","North China",12,52490,4374.2,"NorthAmerica_NorthChina"
"Pandemic (2021/2022)","North America","Oceania",12,384070,32005.8,"NorthAmerica_Oceania"
"Pandemic (2021/2022)","North America","Russia",12,208183,17348.6,"NorthAmerica_Russia"
"Pandemic (2021/2022)","North America","South America",12,5779424,481618.7,"NorthAmerica_SouthAmerica"
"Pandemic (2021/2022)","North America","South China",12,544447,45370.6,"NorthAmerica_SouthChina"
"Pandemic (2021/2022)","North America","South-eastern Asia",12,783863,65321.9,"NorthAmerica_SoutheasternAsia"
"Pandemic (2021/2022)","North America","Southern Asia",12,2024212,168684.3,"NorthAmerica_SouthernAsia"
"Pandemic (2021/2022)","North America","Western Asia",12,2605154,217096.2,"NorthAmerica_WesternAsia"
"Pandemic (2021/2022)","North China","Africa",12,20425,1702.1,"NorthChina_Africa"
"Pandemic (2021/2022)","North China","Europe",12,137800,11483.3,"NorthChina_Europe"
"Pandemic (2021/2022)","North China","Japan/Korea",12,207998,17333.2,"NorthChina_JapanKorea"
"Pandemic (2021/2022)","North China","North America",12,108220,9018.3,"NorthChina_NorthAmerica"
"Pandemic (2021/2022)","North China","Oceania",12,45297,3774.8,"NorthChina_Oceania"
"Pandemic (2021/2022)","North China","Russia",12,8733,727.8,"NorthChina_Russia"
"Pandemic (2021/2022)","North China","South America",12,3220,268.3,"NorthChina_SouthAmerica"
"Pandemic (2021/2022)","North China","South China",12,91900563,7658380.2,"NorthChina_SouthChina"
"Pandemic (2021/2022)","North China","South-eastern Asia",12,154449,12870.8,"NorthChina_SoutheasternAsia"
"Pandemic (2021/2022)","North China","Southern Asia",12,62377,5198.1,"NorthChina_SouthernAsia"
"Pandemic (2021/2022)","North China","Western Asia",12,34035,2836.2,"NorthChina_WesternAsia"
"Pandemic (2021/2022)","Oceania","Africa",12,47546,3962.2,"Oceania_Africa"
"Pandemic (2021/2022)","Oceania","Europe",12,394070,32839.2,"Oceania_Europe"
"Pandemic (2021/2022)","Oceania","Japan/Korea",12,104466,8705.5,"Oceania_JapanKorea"
"Pandemic (2021/2022)","Oceania","North America",12,415817,34651.4,"Oceania_NorthAmerica"
"Pandemic (2021/2022)","Oceania","North China",12,28213,2351.1,"Oceania_NorthChina"
"Pandemic (2021/2022)","Oceania","Russia",12,5202,433.5,"Oceania_Russia"
"Pandemic (2021/2022)","Oceania","South America",12,23886,1990.5,"Oceania_SouthAmerica"
"Pandemic (2021/2022)","Oceania","South China",12,234318,19526.5,"Oceania_SouthChina"
"Pandemic (2021/2022)","Oceania","South-eastern Asia",12,475835,39652.9,"Oceania_SoutheasternAsia"
"Pandemic (2021/2022)","Oceania","Southern Asia",12,265290,22107.5,"Oceania_SouthernAsia"
"Pandemic (2021/2022)","Oceania","Western Asia",12,182305,15192.1,"Oceania_WesternAsia"
"Pandemic (2021/2022)","Russia","Africa",12,648365,54030.4,"Russia_Africa"
"Pandemic (2021/2022)","Russia","Europe",12,5323162,443596.8,"Russia_Europe"
"Pandemic (2021/2022)","Russia","Japan/Korea",12,81536,6794.7,"Russia_JapanKorea"
"Pandemic (2021/2022)","Russia","North America",12,231981,19331.8,"Russia_NorthAmerica"
"Pandemic (2021/2022)","Russia","North China",12,5571,464.2,"Russia_NorthChina"
"Pandemic (2021/2022)","Russia","Oceania",12,6081,506.8,"Russia_Oceania"
"Pandemic (2021/2022)","Russia","South America",12,27449,2287.4,"Russia_SouthAmerica"
"Pandemic (2021/2022)","Russia","South China",12,25023,2085.2,"Russia_SouthChina"
"Pandemic (2021/2022)","Russia","South-eastern Asia",12,134265,11188.8,"Russia_SoutheasternAsia"
"Pandemic (2021/2022)","Russia","Southern Asia",12,315229,26269.1,"Russia_SouthernAsia"
"Pandemic (2021/2022)","Russia","Western Asia",12,3258284,271523.7,"Russia_WesternAsia"
"Pandemic (2021/2022)","South America","Africa",12,72669,6055.8,"SouthAmerica_Africa"
"Pandemic (2021/2022)","South America","Europe",12,3118903,259908.6,"SouthAmerica_Europe"
"Pandemic (2021/2022)","South America","Japan/Korea",12,52902,4408.5,"SouthAmerica_JapanKorea"
"Pandemic (2021/2022)","South America","North America",12,5783335,481944.6,"SouthAmerica_NorthAmerica"
"Pandemic (2021/2022)","South America","North China",12,1314,109.5,"SouthAmerica_NorthChina"
"Pandemic (2021/2022)","South America","Oceania",12,22641,1886.8,"SouthAmerica_Oceania"
"Pandemic (2021/2022)","South America","Russia",12,20477,1706.4,"SouthAmerica_Russia"
"Pandemic (2021/2022)","South America","South China",12,13480,1123.3,"SouthAmerica_SouthChina"
"Pandemic (2021/2022)","South America","South-eastern Asia",12,42856,3571.3,"SouthAmerica_SoutheasternAsia"
"Pandemic (2021/2022)","South America","Southern Asia",12,38310,3192.5,"SouthAmerica_SouthernAsia"
"Pandemic (2021/2022)","South America","Western Asia",12,232105,19342.1,"SouthAmerica_WesternAsia"
"Pandemic (2021/2022)","South China","Africa",12,137198,11433.2,"SouthChina_Africa"
"Pandemic (2021/2022)","South China","Europe",12,578303,48191.9,"SouthChina_Europe"
"Pandemic (2021/2022)","South China","Japan/Korea",12,675012,56251,"SouthChina_JapanKorea"
"Pandemic (2021/2022)","South China","North America",12,684837,57069.8,"SouthChina_NorthAmerica"
"Pandemic (2021/2022)","South China","North China",12,92146183,7678848.6,"SouthChina_NorthChina"
"Pandemic (2021/2022)","South China","Oceania",12,230433,19202.8,"SouthChina_Oceania"
"Pandemic (2021/2022)","South China","Russia",12,39335,3277.9,"SouthChina_Russia"
"Pandemic (2021/2022)","South China","South America",12,18386,1532.2,"SouthChina_SouthAmerica"
"Pandemic (2021/2022)","South China","South-eastern Asia",12,1142119,95176.6,"SouthChina_SoutheasternAsia"
"Pandemic (2021/2022)","South China","Southern Asia",12,245522,20460.2,"SouthChina_SouthernAsia"
"Pandemic (2021/2022)","South China","Western Asia",12,206387,17198.9,"SouthChina_WesternAsia"
"Pandemic (2021/2022)","South-eastern Asia","Africa",12,211611,17634.2,"SoutheasternAsia_Africa"
"Pandemic (2021/2022)","South-eastern Asia","Europe",12,1400422,116701.8,"SoutheasternAsia_Europe"
"Pandemic (2021/2022)","South-eastern Asia","Japan/Korea",12,1658415,138201.2,"SoutheasternAsia_JapanKorea"
"Pandemic (2021/2022)","South-eastern Asia","North America",12,937057,78088.1,"SoutheasternAsia_NorthAmerica"
"Pandemic (2021/2022)","South-eastern Asia","North China",12,115267,9605.6,"SoutheasternAsia_NorthChina"
"Pandemic (2021/2022)","South-eastern Asia","Oceania",12,500967,41747.2,"SoutheasternAsia_Oceania"
"Pandemic (2021/2022)","South-eastern Asia","Russia",12,123851,10320.9,"SoutheasternAsia_Russia"
"Pandemic (2021/2022)","South-eastern Asia","South America",12,52015,4334.6,"SoutheasternAsia_SouthAmerica"
"Pandemic (2021/2022)","South-eastern Asia","South China",12,938028,78169,"SoutheasternAsia_SouthChina"
"Pandemic (2021/2022)","South-eastern Asia","Southern Asia",12,872175,72681.2,"SoutheasternAsia_SouthernAsia"
"Pandemic (2021/2022)","South-eastern Asia","Western Asia",12,1549813,129151.1,"SoutheasternAsia_WesternAsia"
"Pandemic (2021/2022)","Southern Asia","Africa",12,640488,53374,"SouthernAsia_Africa"
"Pandemic (2021/2022)","Southern Asia","Europe",12,3755919,312993.2,"SouthernAsia_Europe"
"Pandemic (2021/2022)","Southern Asia","Japan/Korea",12,201894,16824.5,"SouthernAsia_JapanKorea"
"Pandemic (2021/2022)","Southern Asia","North America",12,2277445,189787.1,"SouthernAsia_NorthAmerica"
"Pandemic (2021/2022)","Southern Asia","North China",12,41891,3490.9,"SouthernAsia_NorthChina"
"Pandemic (2021/2022)","Southern Asia","Oceania",12,284724,23727,"SouthernAsia_Oceania"
"Pandemic (2021/2022)","Southern Asia","Russia",12,339452,28287.7,"SouthernAsia_Russia"
"Pandemic (2021/2022)","Southern Asia","South America",12,39545,3295.4,"SouthernAsia_SouthAmerica"
"Pandemic (2021/2022)","Southern Asia","South China",12,214542,17878.5,"SouthernAsia_SouthChina"
"Pandemic (2021/2022)","Southern Asia","South-eastern Asia",12,870599,72549.9,"SouthernAsia_SoutheasternAsia"
"Pandemic (2021/2022)","Southern Asia","Western Asia",12,12892146,1074345.5,"SouthernAsia_WesternAsia"
"Pandemic (2021/2022)","Western Asia","Africa",12,7827810,652317.5,"WesternAsia_Africa"
"Pandemic (2021/2022)","Western Asia","Europe",12,20636771,1719730.9,"WesternAsia_Europe"
"Pandemic (2021/2022)","Western Asia","Japan/Korea",12,256956,21413,"WesternAsia_JapanKorea"
"Pandemic (2021/2022)","Western Asia","North America",12,2784864,232072,"WesternAsia_NorthAmerica"
"Pandemic (2021/2022)","Western Asia","North China",12,33593,2799.4,"WesternAsia_NorthChina"
"Pandemic (2021/2022)","Western Asia","Oceania",12,270193,22516.1,"WesternAsia_Oceania"
"Pandemic (2021/2022)","Western Asia","Russia",12,3211815,267651.2,"WesternAsia_Russia"
"Pandemic (2021/2022)","Western Asia","South America",12,253121,21093.4,"WesternAsia_SouthAmerica"
"Pandemic (2021/2022)","Western Asia","South China",12,249718,20809.8,"WesternAsia_SouthChina"
"Pandemic (2021/2022)","Western Asia","South-eastern Asia",12,1700304,141692,"WesternAsia_SoutheasternAsia"
"Pandemic (2021/2022)","Western Asia","Southern Asia",12,13324927,1110410.6,"WesternAsia_SouthernAsia"
"Pandemic (2022/2023)","Africa","Europe",13,26982098,2075546,"Africa_Europe"
"Pandemic (2022/2023)","Africa","Japan/Korea",13,169608,13046.8,"Africa_JapanKorea"
"Pandemic (2022/2023)","Africa","North America",13,3213409,247185.3,"Africa_NorthAmerica"
"Pandemic (2022/2023)","Africa","North China",13,52729,4056.1,"Africa_NorthChina"
"Pandemic (2022/2023)","Africa","Oceania",13,290341,22333.9,"Africa_Oceania"
"Pandemic (2022/2023)","Africa","Russia",13,408537,31425.9,"Africa_Russia"
"Pandemic (2022/2023)","Africa","South America",13,169207,13015.9,"Africa_SouthAmerica"
"Pandemic (2022/2023)","Africa","South China",13,320128,24625.2,"Africa_SouthChina"
"Pandemic (2022/2023)","Africa","South-eastern Asia",13,581268,44712.9,"Africa_SoutheasternAsia"
"Pandemic (2022/2023)","Africa","Southern Asia",13,1291171,99320.8,"Africa_SouthernAsia"
"Pandemic (2022/2023)","Africa","Western Asia",13,14661995,1127845.8,"Africa_WesternAsia"
"Pandemic (2022/2023)","Europe","Africa",13,27068961,2082227.8,"Europe_Africa"
"Pandemic (2022/2023)","Europe","Japan/Korea",13,2541894,195530.3,"Europe_JapanKorea"
"Pandemic (2022/2023)","Europe","North America",13,34945058,2688081.4,"Europe_NorthAmerica"
"Pandemic (2022/2023)","Europe","North China",13,239657,18435.2,"Europe_NorthChina"
"Pandemic (2022/2023)","Europe","Oceania",13,1950199,150015.3,"Europe_Oceania"
"Pandemic (2022/2023)","Europe","Russia",13,1597177,122859.8,"Europe_Russia"
"Pandemic (2022/2023)","Europe","South America",13,7204093,554161,"Europe_SouthAmerica"
"Pandemic (2022/2023)","Europe","South China",13,1509897,116145.9,"Europe_SouthChina"
"Pandemic (2022/2023)","Europe","South-eastern Asia",13,6474066,498005.1,"Europe_SoutheasternAsia"
"Pandemic (2022/2023)","Europe","Southern Asia",13,7379159,567627.6,"Europe_SouthernAsia"
"Pandemic (2022/2023)","Europe","Western Asia",13,39789768,3060751.4,"Europe_WesternAsia"
"Pandemic (2022/2023)","Japan/Korea","Africa",13,164040,12618.5,"JapanKorea_Africa"
"Pandemic (2022/2023)","Japan/Korea","Europe",13,2612154,200934.9,"JapanKorea_Europe"
"Pandemic (2022/2023)","Japan/Korea","North America",13,3881634,298587.2,"JapanKorea_NorthAmerica"
"Pandemic (2022/2023)","Japan/Korea","North China",13,575212,44247.1,"JapanKorea_NorthChina"
"Pandemic (2022/2023)","Japan/Korea","Oceania",13,842323,64794.1,"JapanKorea_Oceania"
"Pandemic (2022/2023)","Japan/Korea","Russia",13,69057,5312.1,"JapanKorea_Russia"
"Pandemic (2022/2023)","Japan/Korea","South America",13,133944,10303.4,"JapanKorea_SouthAmerica"
"Pandemic (2022/2023)","Japan/Korea","South China",13,4742499,364807.6,"JapanKorea_SouthChina"
"Pandemic (2022/2023)","Japan/Korea","South-eastern Asia",13,10263507,789500.5,"JapanKorea_SoutheasternAsia"
"Pandemic (2022/2023)","Japan/Korea","Southern Asia",13,720973,55459.5,"JapanKorea_SouthernAsia"
"Pandemic (2022/2023)","Japan/Korea","Western Asia",13,461988,35537.5,"JapanKorea_WesternAsia"
"Pandemic (2022/2023)","North America","Africa",13,2882721,221747.8,"NorthAmerica_Africa"
"Pandemic (2022/2023)","North America","Europe",13,33708106,2592931.2,"NorthAmerica_Europe"
"Pandemic (2022/2023)","North America","Japan/Korea",13,3951066,303928.2,"NorthAmerica_JapanKorea"
"Pandemic (2022/2023)","North America","North China",13,110340,8487.7,"NorthAmerica_NorthChina"
"Pandemic (2022/2023)","North America","Oceania",13,1843713,141824.1,"NorthAmerica_Oceania"
"Pandemic (2022/2023)","North America","Russia",13,85497,6576.7,"NorthAmerica_Russia"
"Pandemic (2022/2023)","North America","South America",13,8632947,664072.8,"NorthAmerica_SouthAmerica"
"Pandemic (2022/2023)","North America","South China",13,1442158,110935.2,"NorthAmerica_SouthChina"
"Pandemic (2022/2023)","North America","South-eastern Asia",13,3732394,287107.2,"NorthAmerica_SoutheasternAsia"
"Pandemic (2022/2023)","North America","Southern Asia",13,4527553,348273.3,"NorthAmerica_SouthernAsia"
"Pandemic (2022/2023)","North America","Western Asia",13,4951300,380869.2,"NorthAmerica_WesternAsia"
"Pandemic (2022/2023)","North China","Africa",13,66504,5115.7,"NorthChina_Africa"
"Pandemic (2022/2023)","North China","Europe",13,281753,21673.3,"NorthChina_Europe"
"Pandemic (2022/2023)","North China","Japan/Korea",13,587541,45195.5,"NorthChina_JapanKorea"
"Pandemic (2022/2023)","North China","North America",13,168805,12985,"NorthChina_NorthAmerica"
"Pandemic (2022/2023)","North China","Oceania",13,143768,11059.1,"NorthChina_Oceania"
"Pandemic (2022/2023)","North China","Russia",13,50974,3921.1,"NorthChina_Russia"
"Pandemic (2022/2023)","North China","South America",13,7156,550.5,"NorthChina_SouthAmerica"
"Pandemic (2022/2023)","North China","South China",13,77652177,5973244.4,"NorthChina_SouthChina"
"Pandemic (2022/2023)","North China","South-eastern Asia",13,683724,52594.2,"NorthChina_SoutheasternAsia"
"Pandemic (2022/2023)","North China","Southern Asia",13,105780,8136.9,"NorthChina_SouthernAsia"
"Pandemic (2022/2023)","North China","Western Asia",13,101795,7830.4,"NorthChina_WesternAsia"
"Pandemic (2022/2023)","Oceania","Africa",13,263958,20304.5,"Oceania_Africa"
"Pandemic (2022/2023)","Oceania","Europe",13,2088416,160647.4,"Oceania_Europe"
"Pandemic (2022/2023)","Oceania","Japan/Korea",13,862574,66351.8,"Oceania_JapanKorea"
"Pandemic (2022/2023)","Oceania","North America",13,1890644,145434.2,"Oceania_NorthAmerica"
"Pandemic (2022/2023)","Oceania","North China",13,103322,7947.8,"Oceania_NorthChina"
"Pandemic (2022/2023)","Oceania","Russia",13,14872,1144,"Oceania_Russia"
"Pandemic (2022/2023)","Oceania","South America",13,138838,10679.8,"Oceania_SouthAmerica"
"Pandemic (2022/2023)","Oceania","South China",13,700221,53863.2,"Oceania_SouthChina"
"Pandemic (2022/2023)","Oceania","South-eastern Asia",13,4195791,322753.2,"Oceania_SoutheasternAsia"
"Pandemic (2022/2023)","Oceania","Southern Asia",13,1389604,106892.6,"Oceania_SouthernAsia"
"Pandemic (2022/2023)","Oceania","Western Asia",13,543598,41815.2,"Oceania_WesternAsia"
"Pandemic (2022/2023)","Russia","Africa",13,409180,31475.4,"Russia_Africa"
"Pandemic (2022/2023)","Russia","Europe",13,1650349,126949.9,"Russia_Europe"
"Pandemic (2022/2023)","Russia","Japan/Korea",13,86229,6633,"Russia_JapanKorea"
"Pandemic (2022/2023)","Russia","North America",13,85578,6582.9,"Russia_NorthAmerica"
"Pandemic (2022/2023)","Russia","North China",13,51474,3959.5,"Russia_NorthChina"
"Pandemic (2022/2023)","Russia","Oceania",13,17156,1319.7,"Russia_Oceania"
"Pandemic (2022/2023)","Russia","South America",13,25426,1955.8,"Russia_SouthAmerica"
"Pandemic (2022/2023)","Russia","South China",13,95894,7376.5,"Russia_SouthChina"
"Pandemic (2022/2023)","Russia","South-eastern Asia",13,657983,50614.1,"Russia_SoutheasternAsia"
"Pandemic (2022/2023)","Russia","Southern Asia",13,462993,35614.8,"Russia_SouthernAsia"
"Pandemic (2022/2023)","Russia","Western Asia",13,5669867,436143.6,"Russia_WesternAsia"
"Pandemic (2022/2023)","South America","Africa",13,137175,10551.9,"SouthAmerica_Africa"
"Pandemic (2022/2023)","South America","Europe",13,7129673,548436.4,"SouthAmerica_Europe"
"Pandemic (2022/2023)","South America","Japan/Korea",13,130028,10002.2,"SouthAmerica_JapanKorea"
"Pandemic (2022/2023)","South America","North America",13,8687609,668277.6,"SouthAmerica_NorthAmerica"
"Pandemic (2022/2023)","South America","North China",13,5868,451.4,"SouthAmerica_NorthChina"
"Pandemic (2022/2023)","South America","Oceania",13,147714,11362.6,"SouthAmerica_Oceania"
"Pandemic (2022/2023)","South America","Russia",13,22536,1733.5,"SouthAmerica_Russia"
"Pandemic (2022/2023)","South America","South China",13,49119,3778.4,"SouthAmerica_SouthChina"
"Pandemic (2022/2023)","South America","South-eastern Asia",13,121053,9311.8,"SouthAmerica_SoutheasternAsia"
"Pandemic (2022/2023)","South America","Southern Asia",13,88718,6824.5,"SouthAmerica_SouthernAsia"
"Pandemic (2022/2023)","South America","Western Asia",13,454111,34931.6,"SouthAmerica_WesternAsia"
"Pandemic (2022/2023)","South China","Africa",13,319755,24596.5,"SouthChina_Africa"
"Pandemic (2022/2023)","South China","Europe",13,1490544,114657.2,"SouthChina_Europe"
"Pandemic (2022/2023)","South China","Japan/Korea",13,4758108,366008.3,"SouthChina_JapanKorea"
"Pandemic (2022/2023)","South China","North America",13,1470167,113089.8,"SouthChina_NorthAmerica"
"Pandemic (2022/2023)","South China","North China",13,78320369,6024643.8,"SouthChina_NorthChina"
"Pandemic (2022/2023)","South China","Oceania",13,703052,54080.9,"SouthChina_Oceania"
"Pandemic (2022/2023)","South China","Russia",13,91466,7035.8,"SouthChina_Russia"
"Pandemic (2022/2023)","South China","South America",13,53330,4102.3,"SouthChina_SouthAmerica"
"Pandemic (2022/2023)","South China","South-eastern Asia",13,7058074,542928.8,"SouthChina_SoutheasternAsia"
"Pandemic (2022/2023)","South China","Southern Asia",13,541384,41644.9,"SouthChina_SouthernAsia"
"Pandemic (2022/2023)","South China","Western Asia",13,437811,33677.8,"SouthChina_WesternAsia"
"Pandemic (2022/2023)","South-eastern Asia","Africa",13,579926,44609.7,"SoutheasternAsia_Africa"
"Pandemic (2022/2023)","South-eastern Asia","Europe",13,6361335,489333.5,"SoutheasternAsia_Europe"
"Pandemic (2022/2023)","South-eastern Asia","Japan/Korea",13,10300055,792311.9,"SoutheasternAsia_JapanKorea"
"Pandemic (2022/2023)","South-eastern Asia","North America",13,3911521,300886.2,"SoutheasternAsia_NorthAmerica"
"Pandemic (2022/2023)","South-eastern Asia","North China",13,600509,46193,"SoutheasternAsia_NorthChina"
"Pandemic (2022/2023)","South-eastern Asia","Oceania",13,4382980,337152.3,"SoutheasternAsia_Oceania"
"Pandemic (2022/2023)","South-eastern Asia","Russia",13,624013,48001,"SoutheasternAsia_Russia"
"Pandemic (2022/2023)","South-eastern Asia","South America",13,132646,10203.5,"SoutheasternAsia_SouthAmerica"
"Pandemic (2022/2023)","South-eastern Asia","South China",13,6786917,522070.5,"SoutheasternAsia_SouthChina"
"Pandemic (2022/2023)","South-eastern Asia","Southern Asia",13,6417436,493648.9,"SoutheasternAsia_SouthernAsia"
"Pandemic (2022/2023)","South-eastern Asia","Western Asia",13,5235574,402736.5,"SoutheasternAsia_WesternAsia"
"Pandemic (2022/2023)","Southern Asia","Africa",13,1355532,104271.7,"SouthernAsia_Africa"
"Pandemic (2022/2023)","Southern Asia","Europe",13,8150528,626963.7,"SouthernAsia_Europe"
"Pandemic (2022/2023)","Southern Asia","Japan/Korea",13,680798,52369.1,"SouthernAsia_JapanKorea"
"Pandemic (2022/2023)","Southern Asia","North America",13,5253915,404147.3,"SouthernAsia_NorthAmerica"
"Pandemic (2022/2023)","Southern Asia","North China",13,74709,5746.8,"SouthernAsia_NorthChina"
"Pandemic (2022/2023)","Southern Asia","Oceania",13,1492025,114771.2,"SouthernAsia_Oceania"
"Pandemic (2022/2023)","Southern Asia","Russia",13,475035,36541.2,"SouthernAsia_Russia"
"Pandemic (2022/2023)","Southern Asia","South America",13,96238,7402.9,"SouthernAsia_SouthAmerica"
"Pandemic (2022/2023)","Southern Asia","South China",13,513513,39501,"SouthernAsia_SouthChina"
"Pandemic (2022/2023)","Southern Asia","South-eastern Asia",13,6291443,483957.2,"SouthernAsia_SoutheasternAsia"
"Pandemic (2022/2023)","Southern Asia","Western Asia",13,25141341,1933949.3,"SouthernAsia_WesternAsia"
"Pandemic (2022/2023)","Western Asia","Africa",13,14966255,1151250.4,"WesternAsia_Africa"
"Pandemic (2022/2023)","Western Asia","Europe",13,39976243,3075095.6,"WesternAsia_Europe"
"Pandemic (2022/2023)","Western Asia","Japan/Korea",13,482890,37145.4,"WesternAsia_JapanKorea"
"Pandemic (2022/2023)","Western Asia","North America",13,5007306,385177.4,"WesternAsia_NorthAmerica"
"Pandemic (2022/2023)","Western Asia","North China",13,102499,7884.5,"WesternAsia_NorthChina"
"Pandemic (2022/2023)","Western Asia","Oceania",13,576157,44319.8,"WesternAsia_Oceania"
"Pandemic (2022/2023)","Western Asia","Russia",13,5700274,438482.6,"WesternAsia_Russia"
"Pandemic (2022/2023)","Western Asia","South America",13,535269,41174.5,"WesternAsia_SouthAmerica"
"Pandemic (2022/2023)","Western Asia","South China",13,485634,37356.5,"WesternAsia_SouthChina"
"Pandemic (2022/2023)","Western Asia","South-eastern Asia",13,5245056,403465.8,"WesternAsia_SoutheasternAsia"
"Pandemic (2022/2023)","Western Asia","Southern Asia",13,26261816,2020139.7,"WesternAsia_SouthernAsia"
"Post-pandemic (2023/2024)","Africa","Europe",8,20192716,2524089.5,"Africa_Europe"
"Post-pandemic (2023/2024)","Africa","Japan/Korea",8,147576,18447,"Africa_JapanKorea"
"Post-pandemic (2023/2024)","Africa","North America",8,2414946,301868.2,"Africa_NorthAmerica"
"Post-pandemic (2023/2024)","Africa","North China",8,165529,20691.1,"Africa_NorthChina"
"Post-pandemic (2023/2024)","Africa","Oceania",8,212228,26528.5,"Africa_Oceania"
"Post-pandemic (2023/2024)","Africa","Russia",8,604515,75564.4,"Africa_Russia"
"Post-pandemic (2023/2024)","Africa","South America",8,141210,17651.2,"Africa_SouthAmerica"
"Post-pandemic (2023/2024)","Africa","South China",8,550564,68820.5,"Africa_SouthChina"
"Post-pandemic (2023/2024)","Africa","South-eastern Asia",8,459161,57395.1,"Africa_SoutheasternAsia"
"Post-pandemic (2023/2024)","Africa","Southern Asia",8,973589,121698.6,"Africa_SouthernAsia"
"Post-pandemic (2023/2024)","Africa","Western Asia",8,10359728,1294966,"Africa_WesternAsia"
"Post-pandemic (2023/2024)","Europe","Africa",8,20355954,2544494.2,"Europe_Africa"
"Post-pandemic (2023/2024)","Europe","Japan/Korea",8,2949915,368739.4,"Europe_JapanKorea"
"Post-pandemic (2023/2024)","Europe","North America",8,27597547,3449693.4,"Europe_NorthAmerica"
"Post-pandemic (2023/2024)","Europe","North China",8,830960,103870,"Europe_NorthChina"
"Post-pandemic (2023/2024)","Europe","Oceania",8,1843968,230496,"Europe_Oceania"
"Post-pandemic (2023/2024)","Europe","Russia",8,974582,121822.8,"Europe_Russia"
"Post-pandemic (2023/2024)","Europe","South America",8,5132168,641521,"Europe_SouthAmerica"
"Post-pandemic (2023/2024)","Europe","South China",8,3066493,383311.6,"Europe_SouthChina"
"Post-pandemic (2023/2024)","Europe","South-eastern Asia",8,5295240,661905,"Europe_SoutheasternAsia"
"Post-pandemic (2023/2024)","Europe","Southern Asia",8,5253898,656737.2,"Europe_SouthernAsia"
"Post-pandemic (2023/2024)","Europe","Western Asia",8,30454209,3806776.1,"Europe_WesternAsia"
"Post-pandemic (2023/2024)","Japan/Korea","Africa",8,163900,20487.5,"JapanKorea_Africa"
"Post-pandemic (2023/2024)","Japan/Korea","Europe",8,3015115,376889.4,"JapanKorea_Europe"
"Post-pandemic (2023/2024)","Japan/Korea","North America",8,3761435,470179.4,"JapanKorea_NorthAmerica"
"Post-pandemic (2023/2024)","Japan/Korea","North China",8,2856162,357020.2,"JapanKorea_NorthChina"
"Post-pandemic (2023/2024)","Japan/Korea","Oceania",8,1043884,130485.5,"JapanKorea_Oceania"
"Post-pandemic (2023/2024)","Japan/Korea","Russia",8,74363,9295.4,"JapanKorea_Russia"
"Post-pandemic (2023/2024)","Japan/Korea","South America",8,124865,15608.1,"JapanKorea_SouthAmerica"
"Post-pandemic (2023/2024)","Japan/Korea","South China",8,10787000,1348375,"JapanKorea_SouthChina"
"Post-pandemic (2023/2024)","Japan/Korea","South-eastern Asia",8,11240137,1405017.1,"JapanKorea_SoutheasternAsia"
"Post-pandemic (2023/2024)","Japan/Korea","Southern Asia",8,627722,78465.2,"JapanKorea_SouthernAsia"
"Post-pandemic (2023/2024)","Japan/Korea","Western Asia",8,424265,53033.1,"JapanKorea_WesternAsia"
"Post-pandemic (2023/2024)","North America","Africa",8,2187303,273412.9,"NorthAmerica_Africa"
"Post-pandemic (2023/2024)","North America","Europe",8,26096107,3262013.4,"NorthAmerica_Europe"
"Post-pandemic (2023/2024)","North America","Japan/Korea",8,3733718,466714.8,"NorthAmerica_JapanKorea"
"Post-pandemic (2023/2024)","North America","North China",8,360943,45117.9,"NorthAmerica_NorthChina"
"Post-pandemic (2023/2024)","North America","Oceania",8,1412183,176522.9,"NorthAmerica_Oceania"
"Post-pandemic (2023/2024)","North America","Russia",8,67114,8389.2,"NorthAmerica_Russia"
"Post-pandemic (2023/2024)","North America","South America",8,5921003,740125.4,"NorthAmerica_SouthAmerica"
"Post-pandemic (2023/2024)","North America","South China",8,2114335,264291.9,"NorthAmerica_SouthChina"
"Post-pandemic (2023/2024)","North America","South-eastern Asia",8,2840320,355040,"NorthAmerica_SoutheasternAsia"
"Post-pandemic (2023/2024)","North America","Southern Asia",8,3246879,405859.9,"NorthAmerica_SouthernAsia"
"Post-pandemic (2023/2024)","North America","Western Asia",8,3278882,409860.2,"NorthAmerica_WesternAsia"
"Post-pandemic (2023/2024)","North China","Africa",8,184986,23123.2,"NorthChina_Africa"
"Post-pandemic (2023/2024)","North China","Europe",8,884939,110617.4,"NorthChina_Europe"
"Post-pandemic (2023/2024)","North China","Japan/Korea",8,2771675,346459.4,"NorthChina_JapanKorea"
"Post-pandemic (2023/2024)","North China","North America",8,410679,51334.9,"NorthChina_NorthAmerica"
"Post-pandemic (2023/2024)","North China","Oceania",8,358214,44776.8,"NorthChina_Oceania"
"Post-pandemic (2023/2024)","North China","Russia",8,249003,31125.4,"NorthChina_Russia"
"Post-pandemic (2023/2024)","North China","South America",8,32737,4092.1,"NorthChina_SouthAmerica"
"Post-pandemic (2023/2024)","North China","South China",8,85003238,10625404.8,"NorthChina_SouthChina"
"Post-pandemic (2023/2024)","North China","South-eastern Asia",8,2083699,260462.4,"NorthChina_SoutheasternAsia"
"Post-pandemic (2023/2024)","North China","Southern Asia",8,212785,26598.1,"NorthChina_SouthernAsia"
"Post-pandemic (2023/2024)","North China","Western Asia",8,342036,42754.5,"NorthChina_WesternAsia"
"Post-pandemic (2023/2024)","Oceania","Africa",8,208337,26042.1,"Oceania_Africa"
"Post-pandemic (2023/2024)","Oceania","Europe",8,1883731,235466.4,"Oceania_Europe"
"Post-pandemic (2023/2024)","Oceania","Japan/Korea",8,1069023,133627.9,"Oceania_JapanKorea"
"Post-pandemic (2023/2024)","Oceania","North America",8,1464399,183049.9,"Oceania_NorthAmerica"
"Post-pandemic (2023/2024)","Oceania","North China",8,326887,40860.9,"Oceania_NorthChina"
"Post-pandemic (2023/2024)","Oceania","Russia",8,14943,1867.9,"Oceania_Russia"
"Post-pandemic (2023/2024)","Oceania","South America",8,121026,15128.2,"Oceania_SouthAmerica"
"Post-pandemic (2023/2024)","Oceania","South China",8,1247785,155973.1,"Oceania_SouthChina"
"Post-pandemic (2023/2024)","Oceania","South-eastern Asia",8,3714280,464285,"Oceania_SoutheasternAsia"
"Post-pandemic (2023/2024)","Oceania","Southern Asia",8,920277,115034.6,"Oceania_SouthernAsia"
"Post-pandemic (2023/2024)","Oceania","Western Asia",8,426940,53367.5,"Oceania_WesternAsia"
"Post-pandemic (2023/2024)","Russia","Africa",8,635041,79380.1,"Russia_Africa"
"Post-pandemic (2023/2024)","Russia","Europe",8,955378,119422.2,"Russia_Europe"
"Post-pandemic (2023/2024)","Russia","Japan/Korea",8,73406,9175.8,"Russia_JapanKorea"
"Post-pandemic (2023/2024)","Russia","North America",8,61287,7660.9,"Russia_NorthAmerica"
"Post-pandemic (2023/2024)","Russia","North China",8,240583,30072.9,"Russia_NorthChina"
"Post-pandemic (2023/2024)","Russia","Oceania",8,17576,2197,"Russia_Oceania"
"Post-pandemic (2023/2024)","Russia","South America",8,20345,2543.1,"Russia_SouthAmerica"
"Post-pandemic (2023/2024)","Russia","South China",8,315955,39494.4,"Russia_SouthChina"
"Post-pandemic (2023/2024)","Russia","South-eastern Asia",8,643841,80480.1,"Russia_SoutheasternAsia"
"Post-pandemic (2023/2024)","Russia","Southern Asia",8,361480,45185,"Russia_SouthernAsia"
"Post-pandemic (2023/2024)","Russia","Western Asia",8,5224790,653098.8,"Russia_WesternAsia"
"Post-pandemic (2023/2024)","South America","Africa",8,121271,15158.9,"SouthAmerica_Africa"
"Post-pandemic (2023/2024)","South America","Europe",8,4941911,617738.9,"SouthAmerica_Europe"
"Post-pandemic (2023/2024)","South America","Japan/Korea",8,124918,15614.8,"SouthAmerica_JapanKorea"
"Post-pandemic (2023/2024)","South America","North America",8,6379544,797443,"SouthAmerica_NorthAmerica"
"Post-pandemic (2023/2024)","South America","North China",8,31533,3941.6,"SouthAmerica_NorthChina"
"Post-pandemic (2023/2024)","South America","Oceania",8,123218,15402.2,"SouthAmerica_Oceania"
"Post-pandemic (2023/2024)","South America","Russia",8,20425,2553.1,"SouthAmerica_Russia"
"Post-pandemic (2023/2024)","South America","South China",8,104878,13109.8,"SouthAmerica_SouthChina"
"Post-pandemic (2023/2024)","South America","South-eastern Asia",8,75872,9484,"SouthAmerica_SoutheasternAsia"
"Post-pandemic (2023/2024)","South America","Southern Asia",8,55137,6892.1,"SouthAmerica_SouthernAsia"
"Post-pandemic (2023/2024)","South America","Western Asia",8,311084,38885.5,"SouthAmerica_WesternAsia"
"Post-pandemic (2023/2024)","South China","Africa",8,562577,70322.1,"SouthChina_Africa"
"Post-pandemic (2023/2024)","South China","Europe",8,3105626,388203.2,"SouthChina_Europe"
"Post-pandemic (2023/2024)","South China","Japan/Korea",8,10683587,1335448.4,"SouthChina_JapanKorea"
"Post-pandemic (2023/2024)","South China","North America",8,2139249,267406.1,"SouthChina_NorthAmerica"
"Post-pandemic (2023/2024)","South China","North China",8,85600350,10700043.8,"SouthChina_NorthChina"
"Post-pandemic (2023/2024)","South China","Oceania",8,1183960,147995,"SouthChina_Oceania"
"Post-pandemic (2023/2024)","South China","Russia",8,316580,39572.5,"SouthChina_Russia"
"Post-pandemic (2023/2024)","South China","South America",8,117514,14689.2,"SouthChina_SouthAmerica"
"Post-pandemic (2023/2024)","South China","South-eastern Asia",8,13439449,1679931.1,"SouthChina_SoutheasternAsia"
"Post-pandemic (2023/2024)","South China","Southern Asia",8,777369,97171.1,"SouthChina_SouthernAsia"
"Post-pandemic (2023/2024)","South China","Western Asia",8,807579,100947.4,"SouthChina_WesternAsia"
"Post-pandemic (2023/2024)","South-eastern Asia","Africa",8,482528,60316,"SoutheasternAsia_Africa"
"Post-pandemic (2023/2024)","South-eastern Asia","Europe",8,5204318,650539.8,"SoutheasternAsia_Europe"
"Post-pandemic (2023/2024)","South-eastern Asia","Japan/Korea",8,11206130,1400766.2,"SoutheasternAsia_JapanKorea"
"Post-pandemic (2023/2024)","South-eastern Asia","North America",8,2946995,368374.4,"SoutheasternAsia_NorthAmerica"
"Post-pandemic (2023/2024)","South-eastern Asia","North China",8,2027984,253498,"SoutheasternAsia_NorthChina"
"Post-pandemic (2023/2024)","South-eastern Asia","Oceania",8,3836485,479560.6,"SoutheasternAsia_Oceania"
"Post-pandemic (2023/2024)","South-eastern Asia","Russia",8,610709,76338.6,"SoutheasternAsia_Russia"
"Post-pandemic (2023/2024)","South-eastern Asia","South America",8,79942,9992.8,"SoutheasternAsia_SouthAmerica"
"Post-pandemic (2023/2024)","South-eastern Asia","South China",8,13402652,1675331.5,"SoutheasternAsia_SouthChina"
"Post-pandemic (2023/2024)","South-eastern Asia","Southern Asia",8,5029358,628669.8,"SoutheasternAsia_SouthernAsia"
"Post-pandemic (2023/2024)","South-eastern Asia","Western Asia",8,3856252,482031.5,"SoutheasternAsia_WesternAsia"
"Post-pandemic (2023/2024)","Southern Asia","Africa",8,1001270,125158.8,"SouthernAsia_Africa"
"Post-pandemic (2023/2024)","Southern Asia","Europe",8,5689020,711127.5,"SouthernAsia_Europe"
"Post-pandemic (2023/2024)","Southern Asia","Japan/Korea",8,609013,76126.6,"SouthernAsia_JapanKorea"
"Post-pandemic (2023/2024)","Southern Asia","North America",8,3414921,426865.1,"SouthernAsia_NorthAmerica"
"Post-pandemic (2023/2024)","Southern Asia","North China",8,193962,24245.2,"SouthernAsia_NorthChina"
"Post-pandemic (2023/2024)","Southern Asia","Oceania",8,931122,116390.2,"SouthernAsia_Oceania"
"Post-pandemic (2023/2024)","Southern Asia","Russia",8,384006,48000.8,"SouthernAsia_Russia"
"Post-pandemic (2023/2024)","Southern Asia","South America",8,63596,7949.5,"SouthernAsia_SouthAmerica"
"Post-pandemic (2023/2024)","Southern Asia","South China",8,763494,95436.8,"SouthernAsia_SouthChina"
"Post-pandemic (2023/2024)","Southern Asia","South-eastern Asia",8,4958182,619772.8,"SouthernAsia_SoutheasternAsia"
"Post-pandemic (2023/2024)","Southern Asia","Western Asia",8,17395949,2174493.6,"SouthernAsia_WesternAsia"
"Post-pandemic (2023/2024)","Western Asia","Africa",8,10412629,1301578.6,"WesternAsia_Africa"
"Post-pandemic (2023/2024)","Western Asia","Europe",8,30889968,3861246,"WesternAsia_Europe"
"Post-pandemic (2023/2024)","Western Asia","Japan/Korea",8,424901,53112.6,"WesternAsia_JapanKorea"
"Post-pandemic (2023/2024)","Western Asia","North America",8,3375231,421903.9,"WesternAsia_NorthAmerica"
"Post-pandemic (2023/2024)","Western Asia","North China",8,339450,42431.2,"WesternAsia_NorthChina"
"Post-pandemic (2023/2024)","Western Asia","Oceania",8,478679,59834.9,"WesternAsia_Oceania"
"Post-pandemic (2023/2024)","Western Asia","Russia",8,5114737,639342.1,"WesternAsia_Russia"
"Post-pandemic (2023/2024)","Western Asia","South America",8,348372,43546.5,"WesternAsia_SouthAmerica"
"Post-pandemic (2023/2024)","Western Asia","South China",8,781175,97646.9,"WesternAsia_SouthChina"
"Post-pandemic (2023/2024)","Western Asia","South-eastern Asia",8,3813560,476695,"WesternAsia_SoutheasternAsia"
"Post-pandemic (2023/2024)","Western Asia","Southern Asia",8,17996525,2249565.6,"WesternAsia_SouthernAsia"
"Pre-pandemic (2017/2018)","Africa","Europe",12,23932904,1994408.7,"Africa_Europe"
"Pre-pandemic (2017/2018)","Africa","Japan/Korea",12,275529,22960.8,"Africa_JapanKorea"
"Pre-pandemic (2017/2018)","Africa","North America",12,2790708,232559,"Africa_NorthAmerica"
"Pre-pandemic (2017/2018)","Africa","North China",12,402772,33564.3,"Africa_NorthChina"
"Pre-pandemic (2017/2018)","Africa","Oceania",12,381370,31780.8,"Africa_Oceania"
"Pre-pandemic (2017/2018)","Africa","Russia",12,276472,23039.3,"Africa_Russia"
"Pre-pandemic (2017/2018)","Africa","South America",12,267922,22326.8,"Africa_SouthAmerica"
"Pre-pandemic (2017/2018)","Africa","South China",12,1037339,86444.9,"Africa_SouthChina"
"Pre-pandemic (2017/2018)","Africa","South-eastern Asia",12,810851,67570.9,"Africa_SoutheasternAsia"
"Pre-pandemic (2017/2018)","Africa","Southern Asia",12,1280437,106703.1,"Africa_SouthernAsia"
"Pre-pandemic (2017/2018)","Africa","Western Asia",12,12885204,1073767,"Africa_WesternAsia"
"Pre-pandemic (2017/2018)","Europe","Africa",12,23839727,1986643.9,"Europe_Africa"
"Pre-pandemic (2017/2018)","Europe","Japan/Korea",12,5206336,433861.3,"Europe_JapanKorea"
"Pre-pandemic (2017/2018)","Europe","North America",12,35670862,2972571.8,"Europe_NorthAmerica"
"Pre-pandemic (2017/2018)","Europe","North China",12,2134349,177862.4,"Europe_NorthChina"
"Pre-pandemic (2017/2018)","Europe","Oceania",12,3110646,259220.5,"Europe_Oceania"
"Pre-pandemic (2017/2018)","Europe","Russia",12,11520981,960081.8,"Europe_Russia"
"Pre-pandemic (2017/2018)","Europe","South America",12,6832900,569408.3,"Europe_SouthAmerica"
"Pre-pandemic (2017/2018)","Europe","South China",12,6084609,507050.8,"Europe_SouthChina"
"Pre-pandemic (2017/2018)","Europe","South-eastern Asia",12,9598224,799852,"Europe_SoutheasternAsia"
"Pre-pandemic (2017/2018)","Europe","Southern Asia",12,8123066,676922.2,"Europe_SouthernAsia"
"Pre-pandemic (2017/2018)","Europe","Western Asia",12,32632548,2719379,"Europe_WesternAsia"
"Pre-pandemic (2017/2018)","Japan/Korea","Africa",12,301779,25148.2,"JapanKorea_Africa"
"Pre-pandemic (2017/2018)","Japan/Korea","Europe",12,5271182,439265.2,"JapanKorea_Europe"
"Pre-pandemic (2017/2018)","Japan/Korea","North America",12,6710780,559231.7,"JapanKorea_NorthAmerica"
"Pre-pandemic (2017/2018)","Japan/Korea","North China",12,6317871,526489.2,"JapanKorea_NorthChina"
"Pre-pandemic (2017/2018)","Japan/Korea","Oceania",12,1617925,134827.1,"JapanKorea_Oceania"
"Pre-pandemic (2017/2018)","Japan/Korea","Russia",12,557875,46489.6,"JapanKorea_Russia"
"Pre-pandemic (2017/2018)","Japan/Korea","South America",12,248748,20729,"JapanKorea_SouthAmerica"
"Pre-pandemic (2017/2018)","Japan/Korea","South China",12,20413973,1701164.4,"JapanKorea_SouthChina"
"Pre-pandemic (2017/2018)","Japan/Korea","South-eastern Asia",12,16462711,1371892.6,"JapanKorea_SoutheasternAsia"
"Pre-pandemic (2017/2018)","Japan/Korea","Southern Asia",12,1029496,85791.3,"JapanKorea_SouthernAsia"
"Pre-pandemic (2017/2018)","Japan/Korea","Western Asia",12,640093,53341.1,"JapanKorea_WesternAsia"
"Pre-pandemic (2017/2018)","North America","Africa",12,2684190,223682.5,"NorthAmerica_Africa"
"Pre-pandemic (2017/2018)","North America","Europe",12,35593823,2966151.9,"NorthAmerica_Europe"
"Pre-pandemic (2017/2018)","North America","Japan/Korea",12,6777655,564804.6,"NorthAmerica_JapanKorea"
"Pre-pandemic (2017/2018)","North America","North China",12,2036455,169704.6,"NorthAmerica_NorthChina"
"Pre-pandemic (2017/2018)","North America","Oceania",12,2693303,224441.9,"NorthAmerica_Oceania"
"Pre-pandemic (2017/2018)","North America","Russia",12,578873,48239.4,"NorthAmerica_Russia"
"Pre-pandemic (2017/2018)","North America","South America",12,8910794,742566.2,"NorthAmerica_SouthAmerica"
"Pre-pandemic (2017/2018)","North America","South China",12,5556459,463038.2,"NorthAmerica_SouthChina"
"Pre-pandemic (2017/2018)","North America","South-eastern Asia",12,4285109,357092.4,"NorthAmerica_SoutheasternAsia"
"Pre-pandemic (2017/2018)","North America","Southern Asia",12,4335017,361251.4,"NorthAmerica_SouthernAsia"
"Pre-pandemic (2017/2018)","North America","Western Asia",12,4042988,336915.7,"NorthAmerica_WesternAsia"
"Pre-pandemic (2017/2018)","North China","Africa",12,432435,36036.2,"NorthChina_Africa"
"Pre-pandemic (2017/2018)","North China","Europe",12,2163449,180287.4,"NorthChina_Europe"
"Pre-pandemic (2017/2018)","North China","Japan/Korea",12,6298314,524859.5,"NorthChina_JapanKorea"
"Pre-pandemic (2017/2018)","North China","North America",12,1997877,166489.8,"NorthChina_NorthAmerica"
"Pre-pandemic (2017/2018)","North China","Oceania",12,793147,66095.6,"NorthChina_Oceania"
"Pre-pandemic (2017/2018)","North China","Russia",12,627897,52324.8,"NorthChina_Russia"
"Pre-pandemic (2017/2018)","North China","South America",12,70270,5855.8,"NorthChina_SouthAmerica"
"Pre-pandemic (2017/2018)","North China","South China",12,102793887,8566157.2,"NorthChina_SouthChina"
"Pre-pandemic (2017/2018)","North China","South-eastern Asia",12,5104192,425349.3,"NorthChina_SoutheasternAsia"
"Pre-pandemic (2017/2018)","North China","Southern Asia",12,505764,42147,"NorthChina_SouthernAsia"
"Pre-pandemic (2017/2018)","North China","Western Asia",12,550857,45904.8,"NorthChina_WesternAsia"
"Pre-pandemic (2017/2018)","Oceania","Africa",12,372617,31051.4,"Oceania_Africa"
"Pre-pandemic (2017/2018)","Oceania","Europe",12,3260954,271746.2,"Oceania_Europe"
"Pre-pandemic (2017/2018)","Oceania","Japan/Korea",12,1700507,141708.9,"Oceania_JapanKorea"
"Pre-pandemic (2017/2018)","Oceania","North America",12,2736658,228054.8,"Oceania_NorthAmerica"
"Pre-pandemic (2017/2018)","Oceania","North China",12,814157,67846.4,"Oceania_NorthChina"
"Pre-pandemic (2017/2018)","Oceania","Russia",12,35508,2959,"Oceania_Russia"
"Pre-pandemic (2017/2018)","Oceania","South America",12,255141,21261.8,"Oceania_SouthAmerica"
"Pre-pandemic (2017/2018)","Oceania","South China",12,2767167,230597.2,"Oceania_SouthChina"
"Pre-pandemic (2017/2018)","Oceania","South-eastern Asia",12,6019705,501642.1,"Oceania_SoutheasternAsia"
"Pre-pandemic (2017/2018)","Oceania","Southern Asia",12,1348730,112394.2,"Oceania_SouthernAsia"
"Pre-pandemic (2017/2018)","Oceania","Western Asia",12,652972,54414.3,"Oceania_WesternAsia"
"Pre-pandemic (2017/2018)","Russia","Africa",12,281849,23487.4,"Russia_Africa"
"Pre-pandemic (2017/2018)","Russia","Europe",12,11475802,956316.8,"Russia_Europe"
"Pre-pandemic (2017/2018)","Russia","Japan/Korea",12,574423,47868.6,"Russia_JapanKorea"
"Pre-pandemic (2017/2018)","Russia","North America",12,574553,47879.4,"Russia_NorthAmerica"
"Pre-pandemic (2017/2018)","Russia","North China",12,632229,52685.8,"Russia_NorthChina"
"Pre-pandemic (2017/2018)","Russia","Oceania",12,42263,3521.9,"Russia_Oceania"
"Pre-pandemic (2017/2018)","Russia","South America",12,142241,11853.4,"Russia_SouthAmerica"
"Pre-pandemic (2017/2018)","Russia","South China",12,632979,52748.2,"Russia_SouthChina"
"Pre-pandemic (2017/2018)","Russia","South-eastern Asia",12,846794,70566.2,"Russia_SoutheasternAsia"
"Pre-pandemic (2017/2018)","Russia","Southern Asia",12,401871,33489.2,"Russia_SouthernAsia"
"Pre-pandemic (2017/2018)","Russia","Western Asia",12,4643634,386969.5,"Russia_WesternAsia"
"Pre-pandemic (2017/2018)","South America","Africa",12,277271,23105.9,"SouthAmerica_Africa"
"Pre-pandemic (2017/2018)","South America","Europe",12,6847174,570597.8,"SouthAmerica_Europe"
"Pre-pandemic (2017/2018)","South America","Japan/Korea",12,243299,20274.9,"SouthAmerica_JapanKorea"
"Pre-pandemic (2017/2018)","South America","North America",12,8866348,738862.3,"SouthAmerica_NorthAmerica"
"Pre-pandemic (2017/2018)","South America","North China",12,73493,6124.4,"SouthAmerica_NorthChina"
"Pre-pandemic (2017/2018)","South America","Oceania",12,261373,21781.1,"SouthAmerica_Oceania"
"Pre-pandemic (2017/2018)","South America","Russia",12,55686,4640.5,"SouthAmerica_Russia"
"Pre-pandemic (2017/2018)","South America","South China",12,250342,20861.8,"SouthAmerica_SouthChina"
"Pre-pandemic (2017/2018)","South America","South-eastern Asia",12,128399,10699.9,"SouthAmerica_SoutheasternAsia"
"Pre-pandemic (2017/2018)","South America","Southern Asia",12,66043,5503.6,"SouthAmerica_SouthernAsia"
"Pre-pandemic (2017/2018)","South America","Western Asia",12,305373,25447.8,"SouthAmerica_WesternAsia"
"Pre-pandemic (2017/2018)","South China","Africa",12,1048090,87340.8,"SouthChina_Africa"
"Pre-pandemic (2017/2018)","South China","Europe",12,6071974,505997.8,"SouthChina_Europe"
"Pre-pandemic (2017/2018)","South China","Japan/Korea",12,20183997,1681999.8,"SouthChina_JapanKorea"
"Pre-pandemic (2017/2018)","South China","North America",12,5542691,461890.9,"SouthChina_NorthAmerica"
"Pre-pandemic (2017/2018)","South China","North China",12,102319761,8526646.8,"SouthChina_NorthChina"
"Pre-pandemic (2017/2018)","South China","Oceania",12,2802623,233551.9,"SouthChina_Oceania"
"Pre-pandemic (2017/2018)","South China","Russia",12,651918,54326.5,"SouthChina_Russia"
"Pre-pandemic (2017/2018)","South China","South America",12,261937,21828.1,"SouthChina_SouthAmerica"
"Pre-pandemic (2017/2018)","South China","South-eastern Asia",12,27008332,2250694.3,"SouthChina_SoutheasternAsia"
"Pre-pandemic (2017/2018)","South China","Southern Asia",12,1896572,158047.7,"SouthChina_SouthernAsia"
"Pre-pandemic (2017/2018)","South China","Western Asia",12,1249163,104096.9,"SouthChina_WesternAsia"
"Pre-pandemic (2017/2018)","South-eastern Asia","Africa",12,771161,64263.4,"SoutheasternAsia_Africa"
"Pre-pandemic (2017/2018)","South-eastern Asia","Europe",12,9350817,779234.8,"SoutheasternAsia_Europe"
"Pre-pandemic (2017/2018)","South-eastern Asia","Japan/Korea",12,16342958,1361913.2,"SoutheasternAsia_JapanKorea"
"Pre-pandemic (2017/2018)","South-eastern Asia","North America",12,4483252,373604.3,"SoutheasternAsia_NorthAmerica"
"Pre-pandemic (2017/2018)","South-eastern Asia","North China",12,5037819,419818.2,"SoutheasternAsia_NorthChina"
"Pre-pandemic (2017/2018)","South-eastern Asia","Oceania",12,6103455,508621.2,"SoutheasternAsia_Oceania"
"Pre-pandemic (2017/2018)","South-eastern Asia","Russia",12,840586,70048.8,"SoutheasternAsia_Russia"
"Pre-pandemic (2017/2018)","South-eastern Asia","South America",12,123546,10295.5,"SoutheasternAsia_SouthAmerica"
"Pre-pandemic (2017/2018)","South-eastern Asia","South China",12,26933786,2244482.2,"SoutheasternAsia_SouthChina"
"Pre-pandemic (2017/2018)","South-eastern Asia","Southern Asia",12,7395361,616280.1,"SoutheasternAsia_SouthernAsia"
"Pre-pandemic (2017/2018)","South-eastern Asia","Western Asia",12,5828358,485696.5,"SoutheasternAsia_WesternAsia"
"Pre-pandemic (2017/2018)","Southern Asia","Africa",12,1328187,110682.2,"SouthernAsia_Africa"
"Pre-pandemic (2017/2018)","Southern Asia","Europe",12,8467733,705644.4,"SouthernAsia_Europe"
"Pre-pandemic (2017/2018)","Southern Asia","Japan/Korea",12,1017732,84811,"SouthernAsia_JapanKorea"
"Pre-pandemic (2017/2018)","Southern Asia","North America",12,4537540,378128.3,"SouthernAsia_NorthAmerica"
"Pre-pandemic (2017/2018)","Southern Asia","North China",12,495898,41324.8,"SouthernAsia_NorthChina"
"Pre-pandemic (2017/2018)","Southern Asia","Oceania",12,1426706,118892.2,"SouthernAsia_Oceania"
"Pre-pandemic (2017/2018)","Southern Asia","Russia",12,438396,36533,"SouthernAsia_Russia"
"Pre-pandemic (2017/2018)","Southern Asia","South America",12,72894,6074.5,"SouthernAsia_SouthAmerica"
"Pre-pandemic (2017/2018)","Southern Asia","South China",12,1886123,157176.9,"SouthernAsia_SouthChina"
"Pre-pandemic (2017/2018)","Southern Asia","South-eastern Asia",12,7361832,613486,"SouthernAsia_SoutheasternAsia"
"Pre-pandemic (2017/2018)","Southern Asia","Western Asia",12,25385544,2115462,"SouthernAsia_WesternAsia"
"Pre-pandemic (2017/2018)","Western Asia","Africa",12,12963929,1080327.4,"WesternAsia_Africa"
"Pre-pandemic (2017/2018)","Western Asia","Europe",12,32581758,2715146.5,"WesternAsia_Europe"
"Pre-pandemic (2017/2018)","Western Asia","Japan/Korea",12,640905,53408.8,"WesternAsia_JapanKorea"
"Pre-pandemic (2017/2018)","Western Asia","North America",12,3969579,330798.2,"WesternAsia_NorthAmerica"
"Pre-pandemic (2017/2018)","Western Asia","North China",12,565606,47133.8,"WesternAsia_NorthChina"
"Pre-pandemic (2017/2018)","Western Asia","Oceania",12,669099,55758.2,"WesternAsia_Oceania"
"Pre-pandemic (2017/2018)","Western Asia","Russia",12,4658816,388234.7,"WesternAsia_Russia"
"Pre-pandemic (2017/2018)","Western Asia","South America",12,340853,28404.4,"WesternAsia_SouthAmerica"
"Pre-pandemic (2017/2018)","Western Asia","South China",12,1258574,104881.2,"WesternAsia_SouthChina"
"Pre-pandemic (2017/2018)","Western Asia","South-eastern Asia",12,5739865,478322.1,"WesternAsia_SoutheasternAsia"
"Pre-pandemic (2017/2018)","Western Asia","Southern Asia",12,25496629,2124719.1,"WesternAsia_SouthernAsia"
"Pre-pandemic (2018/2019)","Africa","Europe",12,25933547,2161128.9,"Africa_Europe"
"Pre-pandemic (2018/2019)","Africa","Japan/Korea",12,311656,25971.3,"Africa_JapanKorea"
"Pre-pandemic (2018/2019)","Africa","North America",12,2958004,246500.3,"Africa_NorthAmerica"
"Pre-pandemic (2018/2019)","Africa","North China",12,398510,33209.2,"Africa_NorthChina"
"Pre-pandemic (2018/2019)","Africa","Oceania",12,391996,32666.3,"Africa_Oceania"
"Pre-pandemic (2018/2019)","Africa","Russia",12,349301,29108.4,"Africa_Russia"
"Pre-pandemic (2018/2019)","Africa","South America",12,318503,26541.9,"Africa_SouthAmerica"
"Pre-pandemic (2018/2019)","Africa","South China",12,1142626,95218.8,"Africa_SouthChina"
"Pre-pandemic (2018/2019)","Africa","South-eastern Asia",12,855181,71265.1,"Africa_SoutheasternAsia"
"Pre-pandemic (2018/2019)","Africa","Southern Asia",12,1298568,108214,"Africa_SouthernAsia"
"Pre-pandemic (2018/2019)","Africa","Western Asia",12,12720770,1060064.2,"Africa_WesternAsia"
"Pre-pandemic (2018/2019)","Europe","Africa",12,25774970,2147914.2,"Europe_Africa"
"Pre-pandemic (2018/2019)","Europe","Japan/Korea",12,5604566,467047.2,"Europe_JapanKorea"
"Pre-pandemic (2018/2019)","Europe","North America",12,38023734,3168644.5,"Europe_NorthAmerica"
"Pre-pandemic (2018/2019)","Europe","North China",12,2298935,191577.9,"Europe_NorthChina"
"Pre-pandemic (2018/2019)","Europe","Oceania",12,3296215,274684.6,"Europe_Oceania"
"Pre-pandemic (2018/2019)","Europe","Russia",12,12544007,1045333.9,"Europe_Russia"
"Pre-pandemic (2018/2019)","Europe","South America",12,7677944,639828.7,"Europe_SouthAmerica"
"Pre-pandemic (2018/2019)","Europe","South China",12,6654721,554560.1,"Europe_SouthChina"
"Pre-pandemic (2018/2019)","Europe","South-eastern Asia",12,10283767,856980.6,"Europe_SoutheasternAsia"
"Pre-pandemic (2018/2019)","Europe","Southern Asia",12,8682895,723574.6,"Europe_SouthernAsia"
"Pre-pandemic (2018/2019)","Europe","Western Asia",12,36446200,3037183.3,"Europe_WesternAsia"
"Pre-pandemic (2018/2019)","Japan/Korea","Africa",12,338920,28243.3,"JapanKorea_Africa"
"Pre-pandemic (2018/2019)","Japan/Korea","Europe",12,5670224,472518.7,"JapanKorea_Europe"
"Pre-pandemic (2018/2019)","Japan/Korea","North America",12,6678288,556524,"JapanKorea_NorthAmerica"
"Pre-pandemic (2018/2019)","Japan/Korea","North China",12,7174610,597884.2,"JapanKorea_NorthChina"
"Pre-pandemic (2018/2019)","Japan/Korea","Oceania",12,1700417,141701.4,"JapanKorea_Oceania"
"Pre-pandemic (2018/2019)","Japan/Korea","Russia",12,782688,65224,"JapanKorea_Russia"
"Pre-pandemic (2018/2019)","Japan/Korea","South America",12,254177,21181.4,"JapanKorea_SouthAmerica"
"Pre-pandemic (2018/2019)","Japan/Korea","South China",12,22155673,1846306.1,"JapanKorea_SouthChina"
"Pre-pandemic (2018/2019)","Japan/Korea","South-eastern Asia",12,18662758,1555229.8,"JapanKorea_SoutheasternAsia"
"Pre-pandemic (2018/2019)","Japan/Korea","Southern Asia",12,1093133,91094.4,"JapanKorea_SouthernAsia"
"Pre-pandemic (2018/2019)","Japan/Korea","Western Asia",12,721799,60149.9,"JapanKorea_WesternAsia"
"Pre-pandemic (2018/2019)","North America","Africa",12,2900131,241677.6,"NorthAmerica_Africa"
"Pre-pandemic (2018/2019)","North America","Europe",12,37908333,3159027.8,"NorthAmerica_Europe"
"Pre-pandemic (2018/2019)","North America","Japan/Korea",12,6717922,559826.8,"NorthAmerica_JapanKorea"
"Pre-pandemic (2018/2019)","North America","North China",12,2062040,171836.7,"NorthAmerica_NorthChina"
"Pre-pandemic (2018/2019)","North America","Oceania",12,2847880,237323.3,"NorthAmerica_Oceania"
"Pre-pandemic (2018/2019)","North America","Russia",12,548508,45709,"NorthAmerica_Russia"
"Pre-pandemic (2018/2019)","North America","South America",12,9478201,789850.1,"NorthAmerica_SouthAmerica"
"Pre-pandemic (2018/2019)","North America","South China",12,5593716,466143,"NorthAmerica_SouthChina"
"Pre-pandemic (2018/2019)","North America","South-eastern Asia",12,4579812,381651,"NorthAmerica_SoutheasternAsia"
"Pre-pandemic (2018/2019)","North America","Southern Asia",12,4622260,385188.3,"NorthAmerica_SouthernAsia"
"Pre-pandemic (2018/2019)","North America","Western Asia",12,4160897,346741.4,"NorthAmerica_WesternAsia"
"Pre-pandemic (2018/2019)","North China","Africa",12,427372,35614.3,"NorthChina_Africa"
"Pre-pandemic (2018/2019)","North China","Europe",12,2321291,193440.9,"NorthChina_Europe"
"Pre-pandemic (2018/2019)","North China","Japan/Korea",12,7128220,594018.3,"NorthChina_JapanKorea"
"Pre-pandemic (2018/2019)","North China","North America",12,2022163,168513.6,"NorthChina_NorthAmerica"
"Pre-pandemic (2018/2019)","North China","Oceania",12,819996,68333,"NorthChina_Oceania"
"Pre-pandemic (2018/2019)","North China","Russia",12,705004,58750.3,"NorthChina_Russia"
"Pre-pandemic (2018/2019)","North China","South America",12,72244,6020.3,"NorthChina_SouthAmerica"
"Pre-pandemic (2018/2019)","North China","South China",12,112356882,9363073.5,"NorthChina_SouthChina"
"Pre-pandemic (2018/2019)","North China","South-eastern Asia",12,5777441,481453.4,"NorthChina_SoutheasternAsia"
"Pre-pandemic (2018/2019)","North China","Southern Asia",12,513284,42773.7,"NorthChina_SouthernAsia"
"Pre-pandemic (2018/2019)","North China","Western Asia",12,590825,49235.4,"NorthChina_WesternAsia"
"Pre-pandemic (2018/2019)","Oceania","Africa",12,391623,32635.2,"Oceania_Africa"
"Pre-pandemic (2018/2019)","Oceania","Europe",12,3460222,288351.8,"Oceania_Europe"
"Pre-pandemic (2018/2019)","Oceania","Japan/Korea",12,1779380,148281.7,"Oceania_JapanKorea"
"Pre-pandemic (2018/2019)","Oceania","North America",12,2910276,242523,"Oceania_NorthAmerica"
"Pre-pandemic (2018/2019)","Oceania","North China",12,854206,71183.8,"Oceania_NorthChina"
"Pre-pandemic (2018/2019)","Oceania","Russia",12,45821,3818.4,"Oceania_Russia"
"Pre-pandemic (2018/2019)","Oceania","South America",12,283303,23608.6,"Oceania_SouthAmerica"
"Pre-pandemic (2018/2019)","Oceania","South China",12,2922778,243564.8,"Oceania_SouthChina"
"Pre-pandemic (2018/2019)","Oceania","South-eastern Asia",12,6095456,507954.7,"Oceania_SoutheasternAsia"
"Pre-pandemic (2018/2019)","Oceania","Southern Asia",12,1483778,123648.2,"Oceania_SouthernAsia"
"Pre-pandemic (2018/2019)","Oceania","Western Asia",12,634650,52887.5,"Oceania_WesternAsia"
"Pre-pandemic (2018/2019)","Russia","Africa",12,362139,30178.2,"Russia_Africa"
"Pre-pandemic (2018/2019)","Russia","Europe",12,12445635,1037136.2,"Russia_Europe"
"Pre-pandemic (2018/2019)","Russia","Japan/Korea",12,783771,65314.2,"Russia_JapanKorea"
"Pre-pandemic (2018/2019)","Russia","North America",12,552469,46039.1,"Russia_NorthAmerica"
"Pre-pandemic (2018/2019)","Russia","North China",12,700935,58411.2,"Russia_NorthChina"
"Pre-pandemic (2018/2019)","Russia","Oceania",12,50577,4214.8,"Russia_Oceania"
"Pre-pandemic (2018/2019)","Russia","South America",12,96314,8026.2,"Russia_SouthAmerica"
"Pre-pandemic (2018/2019)","Russia","South China",12,771395,64282.9,"Russia_SouthChina"
"Pre-pandemic (2018/2019)","Russia","South-eastern Asia",12,1149722,95810.2,"Russia_SoutheasternAsia"
"Pre-pandemic (2018/2019)","Russia","Southern Asia",12,483090,40257.5,"Russia_SouthernAsia"
"Pre-pandemic (2018/2019)","Russia","Western Asia",12,5322310,443525.8,"Russia_WesternAsia"
"Pre-pandemic (2018/2019)","South America","Africa",12,317478,26456.5,"SouthAmerica_Africa"
"Pre-pandemic (2018/2019)","South America","Europe",12,7699665,641638.8,"SouthAmerica_Europe"
"Pre-pandemic (2018/2019)","South America","Japan/Korea",12,254385,21198.8,"SouthAmerica_JapanKorea"
"Pre-pandemic (2018/2019)","South America","North America",12,9361306,780108.8,"SouthAmerica_NorthAmerica"
"Pre-pandemic (2018/2019)","South America","North China",12,74342,6195.2,"SouthAmerica_NorthChina"
"Pre-pandemic (2018/2019)","South America","Oceania",12,283930,23660.8,"SouthAmerica_Oceania"
"Pre-pandemic (2018/2019)","South America","Russia",12,89899,7491.6,"SouthAmerica_Russia"
"Pre-pandemic (2018/2019)","South America","South China",12,259372,21614.3,"SouthAmerica_SouthChina"
"Pre-pandemic (2018/2019)","South America","South-eastern Asia",12,115278,9606.5,"SouthAmerica_SoutheasternAsia"
"Pre-pandemic (2018/2019)","South America","Southern Asia",12,70942,5911.8,"SouthAmerica_SouthernAsia"
"Pre-pandemic (2018/2019)","South America","Western Asia",12,368954,30746.2,"SouthAmerica_WesternAsia"
"Pre-pandemic (2018/2019)","South China","Africa",12,1150327,95860.6,"SouthChina_Africa"
"Pre-pandemic (2018/2019)","South China","Europe",12,6594091,549507.6,"SouthChina_Europe"
"Pre-pandemic (2018/2019)","South China","Japan/Korea",12,21763711,1813642.6,"SouthChina_JapanKorea"
"Pre-pandemic (2018/2019)","South China","North America",12,5548523,462376.9,"SouthChina_NorthAmerica"
"Pre-pandemic (2018/2019)","South China","North China",12,112029242,9335770.2,"SouthChina_NorthChina"
"Pre-pandemic (2018/2019)","South China","Oceania",12,2940377,245031.4,"SouthChina_Oceania"
"Pre-pandemic (2018/2019)","South China","Russia",12,776044,64670.3,"SouthChina_Russia"
"Pre-pandemic (2018/2019)","South China","South America",12,271328,22610.7,"SouthChina_SouthAmerica"
"Pre-pandemic (2018/2019)","South China","South-eastern Asia",12,30822596,2568549.7,"SouthChina_SoutheasternAsia"
"Pre-pandemic (2018/2019)","South China","Southern Asia",12,1981215,165101.2,"SouthChina_SouthernAsia"
"Pre-pandemic (2018/2019)","South China","Western Asia",12,1367675,113972.9,"SouthChina_WesternAsia"
"Pre-pandemic (2018/2019)","South-eastern Asia","Africa",12,814381,67865.1,"SoutheasternAsia_Africa"
"Pre-pandemic (2018/2019)","South-eastern Asia","Europe",12,9996777,833064.8,"SoutheasternAsia_Europe"
"Pre-pandemic (2018/2019)","South-eastern Asia","Japan/Korea",12,18636618,1553051.5,"SoutheasternAsia_JapanKorea"
"Pre-pandemic (2018/2019)","South-eastern Asia","North America",12,4800309,400025.8,"SoutheasternAsia_NorthAmerica"
"Pre-pandemic (2018/2019)","South-eastern Asia","North China",12,5753042,479420.2,"SoutheasternAsia_NorthChina"
"Pre-pandemic (2018/2019)","South-eastern Asia","Oceania",12,6169117,514093.1,"SoutheasternAsia_Oceania"
"Pre-pandemic (2018/2019)","South-eastern Asia","Russia",12,1127628,93969,"SoutheasternAsia_Russia"
"Pre-pandemic (2018/2019)","South-eastern Asia","South America",12,118106,9842.2,"SoutheasternAsia_SouthAmerica"
"Pre-pandemic (2018/2019)","South-eastern Asia","South China",12,30655631,2554635.9,"SoutheasternAsia_SouthChina"
"Pre-pandemic (2018/2019)","South-eastern Asia","Southern Asia",12,7679410,639950.8,"SoutheasternAsia_SouthernAsia"
"Pre-pandemic (2018/2019)","South-eastern Asia","Western Asia",12,5836731,486394.2,"SoutheasternAsia_WesternAsia"
"Pre-pandemic (2018/2019)","Southern Asia","Africa",12,1362994,113582.8,"SouthernAsia_Africa"
"Pre-pandemic (2018/2019)","Southern Asia","Europe",12,9032243,752686.9,"SouthernAsia_Europe"
"Pre-pandemic (2018/2019)","Southern Asia","Japan/Korea",12,1065419,88784.9,"SouthernAsia_JapanKorea"
"Pre-pandemic (2018/2019)","Southern Asia","North America",12,4781726,398477.2,"SouthernAsia_NorthAmerica"
"Pre-pandemic (2018/2019)","Southern Asia","North China",12,488778,40731.5,"SouthernAsia_NorthChina"
"Pre-pandemic (2018/2019)","Southern Asia","Oceania",12,1606877,133906.4,"SouthernAsia_Oceania"
"Pre-pandemic (2018/2019)","Southern Asia","Russia",12,495123,41260.2,"SouthernAsia_Russia"
"Pre-pandemic (2018/2019)","Southern Asia","South America",12,77548,6462.3,"SouthernAsia_SouthAmerica"
"Pre-pandemic (2018/2019)","Southern Asia","South China",12,1958626,163218.8,"SouthernAsia_SouthChina"
"Pre-pandemic (2018/2019)","Southern Asia","South-eastern Asia",12,7646617,637218.1,"SouthernAsia_SoutheasternAsia"
"Pre-pandemic (2018/2019)","Southern Asia","Western Asia",12,24698737,2058228.1,"SouthernAsia_WesternAsia"
"Pre-pandemic (2018/2019)","Western Asia","Africa",12,12757239,1063103.2,"WesternAsia_Africa"
"Pre-pandemic (2018/2019)","Western Asia","Europe",12,36483511,3040292.6,"WesternAsia_Europe"
"Pre-pandemic (2018/2019)","Western Asia","Japan/Korea",12,702536,58544.7,"WesternAsia_JapanKorea"
"Pre-pandemic (2018/2019)","Western Asia","North America",12,4105373,342114.4,"WesternAsia_NorthAmerica"
"Pre-pandemic (2018/2019)","Western Asia","North China",12,614559,51213.2,"WesternAsia_NorthChina"
"Pre-pandemic (2018/2019)","Western Asia","Oceania",12,667881,55656.8,"WesternAsia_Oceania"
"Pre-pandemic (2018/2019)","Western Asia","Russia",12,5293953,441162.8,"WesternAsia_Russia"
"Pre-pandemic (2018/2019)","Western Asia","South America",12,397711,33142.6,"WesternAsia_SouthAmerica"
"Pre-pandemic (2018/2019)","Western Asia","South China",12,1382630,115219.2,"WesternAsia_SouthChina"
"Pre-pandemic (2018/2019)","Western Asia","South-eastern Asia",12,5691215,474267.9,"WesternAsia_SoutheasternAsia"
"Pre-pandemic (2018/2019)","Western Asia","Southern Asia",12,24893740,2074478.3,"WesternAsia_SouthernAsia"
"Pre-pandemic (2019/2020)","Africa","Europe",12,26359258,2196604.8,"Africa_Europe"
"Pre-pandemic (2019/2020)","Africa","Japan/Korea",12,323343,26945.2,"Africa_JapanKorea"
"Pre-pandemic (2019/2020)","Africa","North America",12,3043903,253658.6,"Africa_NorthAmerica"
"Pre-pandemic (2019/2020)","Africa","North China",12,348383,29031.9,"Africa_NorthChina"
"Pre-pandemic (2019/2020)","Africa","Oceania",12,383941,31995.1,"Africa_Oceania"
"Pre-pandemic (2019/2020)","Africa","Russia",12,391527,32627.2,"Africa_Russia"
"Pre-pandemic (2019/2020)","Africa","South America",12,314991,26249.2,"Africa_SouthAmerica"
"Pre-pandemic (2019/2020)","Africa","South China",12,996281,83023.4,"Africa_SouthChina"
"Pre-pandemic (2019/2020)","Africa","South-eastern Asia",12,831118,69259.8,"Africa_SoutheasternAsia"
"Pre-pandemic (2019/2020)","Africa","Southern Asia",12,1272971,106080.9,"Africa_SouthernAsia"
"Pre-pandemic (2019/2020)","Africa","Western Asia",12,12560205,1046683.8,"Africa_WesternAsia"
"Pre-pandemic (2019/2020)","Europe","Africa",12,26268223,2189018.6,"Europe_Africa"
"Pre-pandemic (2019/2020)","Europe","Japan/Korea",12,5638332,469861,"Europe_JapanKorea"
"Pre-pandemic (2019/2020)","Europe","North America",12,37558482,3129873.5,"Europe_NorthAmerica"
"Pre-pandemic (2019/2020)","Europe","North China",12,2190361,182530.1,"Europe_NorthChina"
"Pre-pandemic (2019/2020)","Europe","Oceania",12,3063906,255325.5,"Europe_Oceania"
"Pre-pandemic (2019/2020)","Europe","Russia",12,12118263,1009855.2,"Europe_Russia"
"Pre-pandemic (2019/2020)","Europe","South America",12,7964171,663680.9,"Europe_SouthAmerica"
"Pre-pandemic (2019/2020)","Europe","South China",12,6313692,526141,"Europe_SouthChina"
"Pre-pandemic (2019/2020)","Europe","South-eastern Asia",12,9717601,809800.1,"Europe_SoutheasternAsia"
"Pre-pandemic (2019/2020)","Europe","Southern Asia",12,7864065,655338.8,"Europe_SouthernAsia"
"Pre-pandemic (2019/2020)","Europe","Western Asia",12,36353637,3029469.8,"Europe_WesternAsia"
"Pre-pandemic (2019/2020)","Japan/Korea","Africa",12,345785,28815.4,"JapanKorea_Africa"
"Pre-pandemic (2019/2020)","Japan/Korea","Europe",12,5672866,472738.8,"JapanKorea_Europe"
"Pre-pandemic (2019/2020)","Japan/Korea","North America",12,6481063,540088.6,"JapanKorea_NorthAmerica"
"Pre-pandemic (2019/2020)","Japan/Korea","North China",12,7557107,629758.9,"JapanKorea_NorthChina"
"Pre-pandemic (2019/2020)","Japan/Korea","Oceania",12,1713639,142803.2,"JapanKorea_Oceania"
"Pre-pandemic (2019/2020)","Japan/Korea","Russia",12,839821,69985.1,"JapanKorea_Russia"
"Pre-pandemic (2019/2020)","Japan/Korea","South America",12,247286,20607.2,"JapanKorea_SouthAmerica"
"Pre-pandemic (2019/2020)","Japan/Korea","South China",12,22108878,1842406.5,"JapanKorea_SouthChina"
"Pre-pandemic (2019/2020)","Japan/Korea","South-eastern Asia",12,19763635,1646969.6,"JapanKorea_SoutheasternAsia"
"Pre-pandemic (2019/2020)","Japan/Korea","Southern Asia",12,1036217,86351.4,"JapanKorea_SouthernAsia"
"Pre-pandemic (2019/2020)","Japan/Korea","Western Asia",12,752096,62674.7,"JapanKorea_WesternAsia"
"Pre-pandemic (2019/2020)","North America","Africa",12,2958226,246518.8,"NorthAmerica_Africa"
"Pre-pandemic (2019/2020)","North America","Europe",12,37357760,3113146.7,"NorthAmerica_Europe"
"Pre-pandemic (2019/2020)","North America","Japan/Korea",12,6530934,544244.5,"NorthAmerica_JapanKorea"
"Pre-pandemic (2019/2020)","North America","North China",12,1744033,145336.1,"NorthAmerica_NorthChina"
"Pre-pandemic (2019/2020)","North America","Oceania",12,2728648,227387.3,"NorthAmerica_Oceania"
"Pre-pandemic (2019/2020)","North America","Russia",12,527273,43939.4,"NorthAmerica_Russia"
"Pre-pandemic (2019/2020)","North America","South America",12,8797138,733094.8,"NorthAmerica_SouthAmerica"
"Pre-pandemic (2019/2020)","North America","South China",12,4940490,411707.5,"NorthAmerica_SouthChina"
"Pre-pandemic (2019/2020)","North America","South-eastern Asia",12,4534922,377910.2,"NorthAmerica_SoutheasternAsia"
"Pre-pandemic (2019/2020)","North America","Southern Asia",12,4370626,364218.8,"NorthAmerica_SouthernAsia"
"Pre-pandemic (2019/2020)","North America","Western Asia",12,4117115,343092.9,"NorthAmerica_WesternAsia"
"Pre-pandemic (2019/2020)","North China","Africa",12,364388,30365.7,"NorthChina_Africa"
"Pre-pandemic (2019/2020)","North China","Europe",12,2203769,183647.4,"NorthChina_Europe"
"Pre-pandemic (2019/2020)","North China","Japan/Korea",12,7460569,621714.1,"NorthChina_JapanKorea"
"Pre-pandemic (2019/2020)","North China","North America",12,1711364,142613.7,"NorthChina_NorthAmerica"
"Pre-pandemic (2019/2020)","North China","Oceania",12,685478,57123.2,"NorthChina_Oceania"
"Pre-pandemic (2019/2020)","North China","Russia",12,648366,54030.5,"NorthChina_Russia"
"Pre-pandemic (2019/2020)","North China","South America",12,67070,5589.2,"NorthChina_SouthAmerica"
"Pre-pandemic (2019/2020)","North China","South China",12,105958581,8829881.8,"NorthChina_SouthChina"
"Pre-pandemic (2019/2020)","North China","South-eastern Asia",12,5164350,430362.5,"NorthChina_SoutheasternAsia"
"Pre-pandemic (2019/2020)","North China","Southern Asia",12,489019,40751.6,"NorthChina_SouthernAsia"
"Pre-pandemic (2019/2020)","North China","Western Asia",12,569386,47448.8,"NorthChina_WesternAsia"
"Pre-pandemic (2019/2020)","Oceania","Africa",12,374231,31185.9,"Oceania_Africa"
"Pre-pandemic (2019/2020)","Oceania","Europe",12,3224525,268710.4,"Oceania_Europe"
"Pre-pandemic (2019/2020)","Oceania","Japan/Korea",12,1770067,147505.6,"Oceania_JapanKorea"
"Pre-pandemic (2019/2020)","Oceania","North America",12,2754553,229546.1,"Oceania_NorthAmerica"
"Pre-pandemic (2019/2020)","Oceania","North China",12,748786,62398.8,"Oceania_NorthChina"
"Pre-pandemic (2019/2020)","Oceania","Russia",12,36400,3033.3,"Oceania_Russia"
"Pre-pandemic (2019/2020)","Oceania","South America",12,270552,22546,"Oceania_SouthAmerica"
"Pre-pandemic (2019/2020)","Oceania","South China",12,2438580,203215,"Oceania_SouthChina"
"Pre-pandemic (2019/2020)","Oceania","South-eastern Asia",12,5895632,491302.7,"Oceania_SoutheasternAsia"
"Pre-pandemic (2019/2020)","Oceania","Southern Asia",12,1388717,115726.4,"Oceania_SouthernAsia"
"Pre-pandemic (2019/2020)","Oceania","Western Asia",12,563092,46924.3,"Oceania_WesternAsia"
"Pre-pandemic (2019/2020)","Russia","Africa",12,401843,33486.9,"Russia_Africa"
"Pre-pandemic (2019/2020)","Russia","Europe",12,11977846,998153.8,"Russia_Europe"
"Pre-pandemic (2019/2020)","Russia","Japan/Korea",12,848986,70748.8,"Russia_JapanKorea"
"Pre-pandemic (2019/2020)","Russia","North America",12,536630,44719.2,"Russia_NorthAmerica"
"Pre-pandemic (2019/2020)","Russia","North China",12,658245,54853.8,"Russia_NorthChina"
"Pre-pandemic (2019/2020)","Russia","Oceania",12,43396,3616.3,"Russia_Oceania"
"Pre-pandemic (2019/2020)","Russia","South America",12,63815,5317.9,"Russia_SouthAmerica"
"Pre-pandemic (2019/2020)","Russia","South China",12,768317,64026.4,"Russia_SouthChina"
"Pre-pandemic (2019/2020)","Russia","South-eastern Asia",12,1024373,85364.4,"Russia_SoutheasternAsia"
"Pre-pandemic (2019/2020)","Russia","Southern Asia",12,405487,33790.6,"Russia_SouthernAsia"
"Pre-pandemic (2019/2020)","Russia","Western Asia",12,5975448,497954,"Russia_WesternAsia"
"Pre-pandemic (2019/2020)","South America","Africa",12,313501,26125.1,"SouthAmerica_Africa"
"Pre-pandemic (2019/2020)","South America","Europe",12,7923929,660327.4,"SouthAmerica_Europe"
"Pre-pandemic (2019/2020)","South America","Japan/Korea",12,239483,19956.9,"SouthAmerica_JapanKorea"
"Pre-pandemic (2019/2020)","South America","North America",12,8754531,729544.2,"SouthAmerica_NorthAmerica"
"Pre-pandemic (2019/2020)","South America","North China",12,68088,5674,"SouthAmerica_NorthChina"
"Pre-pandemic (2019/2020)","South America","Oceania",12,271182,22598.5,"SouthAmerica_Oceania"
"Pre-pandemic (2019/2020)","South America","Russia",12,60442,5036.8,"SouthAmerica_Russia"
"Pre-pandemic (2019/2020)","South America","South China",12,233574,19464.5,"SouthAmerica_SouthChina"
"Pre-pandemic (2019/2020)","South America","South-eastern Asia",12,119462,9955.2,"SouthAmerica_SoutheasternAsia"
"Pre-pandemic (2019/2020)","South America","Southern Asia",12,65857,5488.1,"SouthAmerica_SouthernAsia"
"Pre-pandemic (2019/2020)","South America","Western Asia",12,389170,32430.8,"SouthAmerica_WesternAsia"
"Pre-pandemic (2019/2020)","South China","Africa",12,979446,81620.5,"SouthChina_Africa"
"Pre-pandemic (2019/2020)","South China","Europe",12,6259411,521617.6,"SouthChina_Europe"
"Pre-pandemic (2019/2020)","South China","Japan/Korea",12,21805579,1817131.6,"SouthChina_JapanKorea"
"Pre-pandemic (2019/2020)","South China","North America",12,4886354,407196.2,"SouthChina_NorthAmerica"
"Pre-pandemic (2019/2020)","South China","North China",12,105518899,8793241.6,"SouthChina_NorthChina"
"Pre-pandemic (2019/2020)","South China","Oceania",12,2487078,207256.5,"SouthChina_Oceania"
"Pre-pandemic (2019/2020)","South China","Russia",12,768360,64030,"SouthChina_Russia"
"Pre-pandemic (2019/2020)","South China","South America",12,241796,20149.7,"SouthChina_SouthAmerica"
"Pre-pandemic (2019/2020)","South China","South-eastern Asia",12,28947784,2412315.3,"SouthChina_SoutheasternAsia"
"Pre-pandemic (2019/2020)","South China","Southern Asia",12,1726010,143834.2,"SouthChina_SouthernAsia"
"Pre-pandemic (2019/2020)","South China","Western Asia",12,1291364,107613.7,"SouthChina_WesternAsia"
"Pre-pandemic (2019/2020)","South-eastern Asia","Africa",12,780354,65029.5,"SoutheasternAsia_Africa"
"Pre-pandemic (2019/2020)","South-eastern Asia","Europe",12,9566146,797178.8,"SoutheasternAsia_Europe"
"Pre-pandemic (2019/2020)","South-eastern Asia","Japan/Korea",12,19678534,1639877.8,"SoutheasternAsia_JapanKorea"
"Pre-pandemic (2019/2020)","South-eastern Asia","North America",12,4815858,401321.5,"SoutheasternAsia_NorthAmerica"
"Pre-pandemic (2019/2020)","South-eastern Asia","North China",12,5118270,426522.5,"SoutheasternAsia_NorthChina"
"Pre-pandemic (2019/2020)","South-eastern Asia","Oceania",12,6011968,500997.3,"SoutheasternAsia_Oceania"
"Pre-pandemic (2019/2020)","South-eastern Asia","Russia",12,1013244,84437,"SoutheasternAsia_Russia"
"Pre-pandemic (2019/2020)","South-eastern Asia","South America",12,117426,9785.5,"SoutheasternAsia_SouthAmerica"
"Pre-pandemic (2019/2020)","South-eastern Asia","South China",12,28970832,2414236,"SoutheasternAsia_SouthChina"
"Pre-pandemic (2019/2020)","South-eastern Asia","Southern Asia",12,7544966,628747.2,"SoutheasternAsia_SouthernAsia"
"Pre-pandemic (2019/2020)","South-eastern Asia","Western Asia",12,5573055,464421.2,"SoutheasternAsia_WesternAsia"
"Pre-pandemic (2019/2020)","Southern Asia","Africa",12,1321351,110112.6,"SouthernAsia_Africa"
"Pre-pandemic (2019/2020)","Southern Asia","Europe",12,8407043,700586.9,"SouthernAsia_Europe"
"Pre-pandemic (2019/2020)","Southern Asia","Japan/Korea",12,1021218,85101.5,"SouthernAsia_JapanKorea"
"Pre-pandemic (2019/2020)","Southern Asia","North America",12,4631814,385984.5,"SouthernAsia_NorthAmerica"
"Pre-pandemic (2019/2020)","Southern Asia","North China",12,472120,39343.3,"SouthernAsia_NorthChina"
"Pre-pandemic (2019/2020)","Southern Asia","Oceania",12,1497940,124828.3,"SouthernAsia_Oceania"
"Pre-pandemic (2019/2020)","Southern Asia","Russia",12,395239,32936.6,"SouthernAsia_Russia"
"Pre-pandemic (2019/2020)","Southern Asia","South America",12,69553,5796.1,"SouthernAsia_SouthAmerica"
"Pre-pandemic (2019/2020)","Southern Asia","South China",12,1721497,143458.1,"SouthernAsia_SouthChina"
"Pre-pandemic (2019/2020)","Southern Asia","South-eastern Asia",12,7515524,626293.7,"SouthernAsia_SoutheasternAsia"
"Pre-pandemic (2019/2020)","Southern Asia","Western Asia",12,22755230,1896269.2,"SouthernAsia_WesternAsia"
"Pre-pandemic (2019/2020)","Western Asia","Africa",12,12669641,1055803.4,"WesternAsia_Africa"
"Pre-pandemic (2019/2020)","Western Asia","Europe",12,36304227,3025352.2,"WesternAsia_Europe"
"Pre-pandemic (2019/2020)","Western Asia","Japan/Korea",12,733073,61089.4,"WesternAsia_JapanKorea"
"Pre-pandemic (2019/2020)","Western Asia","North America",12,4131223,344268.6,"WesternAsia_NorthAmerica"
"Pre-pandemic (2019/2020)","Western Asia","North China",12,596813,49734.4,"WesternAsia_NorthChina"
"Pre-pandemic (2019/2020)","Western Asia","Oceania",12,609263,50771.9,"WesternAsia_Oceania"
"Pre-pandemic (2019/2020)","Western Asia","Russia",12,5872244,489353.7,"WesternAsia_Russia"
"Pre-pandemic (2019/2020)","Western Asia","South America",12,416661,34721.8,"WesternAsia_SouthAmerica"
"Pre-pandemic (2019/2020)","Western Asia","South China",12,1293760,107813.3,"WesternAsia_SouthChina"
"Pre-pandemic (2019/2020)","Western Asia","South-eastern Asia",12,5403592,450299.3,"WesternAsia_SoutheasternAsia"
"Pre-pandemic (2019/2020)","Western Asia","Southern Asia",12,22994684,1916223.7,"WesternAsia_SouthernAsia"
